portal,dataset_id,organ_name,uuid,hubmap_id
HuBMAP,https://entity.api.hubmapconsortium.org/entities/0027cb59bcb4a34d5db83acaf934a9d9,right kidney,0027cb59bcb4a34d5db83acaf934a9d9,HBM465.RKKK.264
HuBMAP,https://entity.api.hubmapconsortium.org/entities/00318be0b7cfa3c6ed7fbeab08fe700b,right kidney,00318be0b7cfa3c6ed7fbeab08fe700b,HBM232.FHDF.343
HuBMAP,https://entity.api.hubmapconsortium.org/entities/007f3dfaaa287d5c7c227651f61a9c5b,heart,007f3dfaaa287d5c7c227651f61a9c5b,HBM927.DZCV.762
HuBMAP,https://entity.api.hubmapconsortium.org/entities/00d1a3623dac388773bc7780fcb42797,spleen,00d1a3623dac388773bc7780fcb42797,HBM556.KSFB.592
HuBMAP,https://entity.api.hubmapconsortium.org/entities/0110be17631ab95c722d476145feb00c,right kidney,0110be17631ab95c722d476145feb00c,HBM699.GZNP.474
HuBMAP,https://entity.api.hubmapconsortium.org/entities/018a905cdbdff684760859f594d3fd77,right kidney,018a905cdbdff684760859f594d3fd77,HBM793.JDRF.289
HuBMAP,https://entity.api.hubmapconsortium.org/entities/032d7b6b0b4c3c66772c7dbee2fe9606,large intestine,032d7b6b0b4c3c66772c7dbee2fe9606,HBM633.JXTC.477
HuBMAP,https://entity.api.hubmapconsortium.org/entities/0430a44e418219aafce608f4286b2a9b,right kidney,0430a44e418219aafce608f4286b2a9b,HBM623.PSDG.665
HuBMAP,https://entity.api.hubmapconsortium.org/entities/044b28971204366347e7ed0b7ef0c279,left kidney,044b28971204366347e7ed0b7ef0c279,HBM976.MRWH.263
HuBMAP,https://entity.api.hubmapconsortium.org/entities/046251c94ea0e79ee935dd3de57e093c,spleen,046251c94ea0e79ee935dd3de57e093c,HBM795.TFHS.265
HuBMAP,https://entity.api.hubmapconsortium.org/entities/04968c1fe0149ee367b0e53af55763e4,large intestine,04968c1fe0149ee367b0e53af55763e4,HBM962.KQLZ.422
HuBMAP,https://entity.api.hubmapconsortium.org/entities/060dfa0fdf2b840864f62d2cd1a7a456,skin of body,060dfa0fdf2b840864f62d2cd1a7a456,HBM732.FZVZ.656
HuBMAP,https://entity.api.hubmapconsortium.org/entities/061b6c8f8e76f9be125f0f93e7734642,large intestine,061b6c8f8e76f9be125f0f93e7734642,HBM844.RXXR.293
HuBMAP,https://entity.api.hubmapconsortium.org/entities/069a6930776ca28f8e10c3781aa13b56,right kidney,069a6930776ca28f8e10c3781aa13b56,HBM495.ZFDT.229
HuBMAP,https://entity.api.hubmapconsortium.org/entities/07b9f36478e22bf820ac6a084e01bf94,small intestine,07b9f36478e22bf820ac6a084e01bf94,HBM768.FKCS.477
HuBMAP,https://entity.api.hubmapconsortium.org/entities/0804a7a9e430e6adfbc56f339d787211,right kidney,0804a7a9e430e6adfbc56f339d787211,HBM688.RPFC.258
HuBMAP,https://entity.api.hubmapconsortium.org/entities/08c1aa2e74700e1170fc9218ae255992,right kidney,08c1aa2e74700e1170fc9218ae255992,HBM648.DKQK.874
HuBMAP,https://entity.api.hubmapconsortium.org/entities/0910bfd40695181a73e5059909e46cda,small intestine,0910bfd40695181a73e5059909e46cda,HBM693.SRHJ.546
HuBMAP,https://entity.api.hubmapconsortium.org/entities/0a0eb095c8e7f7c890da20184d7527cb,large intestine,0a0eb095c8e7f7c890da20184d7527cb,HBM839.ZFRD.789
HuBMAP,https://entity.api.hubmapconsortium.org/entities/0a21f3fa27109790483f2a0729be53de,left kidney,0a21f3fa27109790483f2a0729be53de,HBM735.FSBZ.626
HuBMAP,https://entity.api.hubmapconsortium.org/entities/0b0ef5c2b8786644f0b6bdef1c1d7a4f,large intestine,0b0ef5c2b8786644f0b6bdef1c1d7a4f,HBM644.NKCL.897
HuBMAP,https://entity.api.hubmapconsortium.org/entities/0b528e5d674fadada32215c364f6fcaa,small intestine,0b528e5d674fadada32215c364f6fcaa,HBM374.PCQG.742
HuBMAP,https://entity.api.hubmapconsortium.org/entities/0b590c9e3a62178da592e85572e2f1bf,respiratory system,0b590c9e3a62178da592e85572e2f1bf,HBM468.SSXX.967
HuBMAP,https://entity.api.hubmapconsortium.org/entities/0b6f63f2bd61a8c091fc7afc0f318ad1,left ureter,0b6f63f2bd61a8c091fc7afc0f318ad1,HBM264.MJCH.639
HuBMAP,https://entity.api.hubmapconsortium.org/entities/0b7015a55e38bd43b6cd6f58ddeb9059,right kidney,0b7015a55e38bd43b6cd6f58ddeb9059,HBM793.TLNJ.249
HuBMAP,https://entity.api.hubmapconsortium.org/entities/0bcea0ab24e8bc5b0529b6f4d899ddad,left kidney,0bcea0ab24e8bc5b0529b6f4d899ddad,HBM757.KLKW.524
HuBMAP,https://entity.api.hubmapconsortium.org/entities/0ca0721ae67b78b5eed7c0ef20dc6ac1,skin of body,0ca0721ae67b78b5eed7c0ef20dc6ac1,HBM746.VTDZ.959
HuBMAP,https://entity.api.hubmapconsortium.org/entities/0cecd7cf1da6f81d3654c1712a5d61a2,right kidney,0cecd7cf1da6f81d3654c1712a5d61a2,HBM979.KNQM.454
HuBMAP,https://entity.api.hubmapconsortium.org/entities/0d1eb3d774a694b79e844987f771b183,left kidney,0d1eb3d774a694b79e844987f771b183,HBM689.ZKRJ.585
HuBMAP,https://entity.api.hubmapconsortium.org/entities/0daec302e2745287b29948a8c8c30cf1,small intestine,0daec302e2745287b29948a8c8c30cf1,HBM934.KLGL.584
HuBMAP,https://entity.api.hubmapconsortium.org/entities/0db9481caed92aec4cddc606108692d5,left kidney,0db9481caed92aec4cddc606108692d5,HBM547.TFRR.794
HuBMAP,https://entity.api.hubmapconsortium.org/entities/0f1ddcb41a484adbda759c0c79097a02#D265-LLL-7A7-12,respiratory system,0f1ddcb41a484adbda759c0c79097a02#D265-LLL-7A7-12,HBM232.MGHW.694
HuBMAP,https://entity.api.hubmapconsortium.org/entities/0f35f3bd23a8f773c7213d558338e74d,urinary bladder,0f35f3bd23a8f773c7213d558338e74d,HBM455.RZPH.997
HuBMAP,https://entity.api.hubmapconsortium.org/entities/10b22d398b548c141167d4d9c4cbd79e,right kidney,10b22d398b548c141167d4d9c4cbd79e,HBM996.XSNK.694
HuBMAP,https://entity.api.hubmapconsortium.org/entities/11678046b4e78f95762acc47d3074dc5,small intestine,11678046b4e78f95762acc47d3074dc5,HBM237.TJFZ.599
HuBMAP,https://entity.api.hubmapconsortium.org/entities/1197c73d127193dd493ff542890a3d3d,right kidney,1197c73d127193dd493ff542890a3d3d,HBM398.JQZB.348
HuBMAP,https://entity.api.hubmapconsortium.org/entities/11b4f413984624557c2b1a4566b0d71a,small intestine,11b4f413984624557c2b1a4566b0d71a,HBM945.FSHR.864
HuBMAP,https://entity.api.hubmapconsortium.org/entities/12de9dcdb62640f1687b832f69648a55,left kidney,12de9dcdb62640f1687b832f69648a55,HBM936.MHTZ.834
HuBMAP,https://entity.api.hubmapconsortium.org/entities/133bc98251c8b80923f550ea2678380e,small intestine,133bc98251c8b80923f550ea2678380e,HBM893.MCGS.487
HuBMAP,https://entity.api.hubmapconsortium.org/entities/1393ff7729eff13cd2f4d5d58af96fdb,spleen,1393ff7729eff13cd2f4d5d58af96fdb,HBM389.PKHL.936
HuBMAP,https://entity.api.hubmapconsortium.org/entities/13d882fbeae970f8fb08a6f0b76bf127,left kidney,13d882fbeae970f8fb08a6f0b76bf127,HBM269.GDLH.894
HuBMAP,https://entity.api.hubmapconsortium.org/entities/148d6445ed0cda5cabae377829013b4c,small intestine,148d6445ed0cda5cabae377829013b4c,HBM999.KMVN.849
HuBMAP,https://entity.api.hubmapconsortium.org/entities/149e1be22a4961f9c6240480710836a3,right kidney,149e1be22a4961f9c6240480710836a3,HBM528.DMSV.294
HuBMAP,https://entity.api.hubmapconsortium.org/entities/153b0fe8575ff1a17768319ba6dbaa5c,large intestine,153b0fe8575ff1a17768319ba6dbaa5c,HBM439.WJDV.974
HuBMAP,https://entity.api.hubmapconsortium.org/entities/15882fef75843d5cef518853a0e8246d,right kidney,15882fef75843d5cef518853a0e8246d,HBM393.DZDZ.972
HuBMAP,https://entity.api.hubmapconsortium.org/entities/171bd6114652ce2a1ff0e4757b5eaef9,respiratory system,171bd6114652ce2a1ff0e4757b5eaef9,HBM675.RVGB.258
HuBMAP,https://entity.api.hubmapconsortium.org/entities/173de2e80adf6a73ac8cff5ccce20dfc,right kidney,173de2e80adf6a73ac8cff5ccce20dfc,HBM546.RNHX.756
HuBMAP,https://entity.api.hubmapconsortium.org/entities/174c43df28ab2ab737471d00a65d7730,small intestine,174c43df28ab2ab737471d00a65d7730,HBM265.PCGD.229
HuBMAP,https://entity.api.hubmapconsortium.org/entities/176edb4b0e16059522f6f087576fbeec,respiratory system,176edb4b0e16059522f6f087576fbeec,HBM975.WQQQ.853
HuBMAP,https://entity.api.hubmapconsortium.org/entities/17f67cb15e59f65e640d85d2f3866cde,heart,17f67cb15e59f65e640d85d2f3866cde,HBM385.LQVK.975
HuBMAP,https://entity.api.hubmapconsortium.org/entities/17fb6d5db17936acc8fb613ce98ab808,right kidney,17fb6d5db17936acc8fb613ce98ab808,HBM537.GVTL.683
HuBMAP,https://entity.api.hubmapconsortium.org/entities/19304b10d9e1f17af19cccb2feb014a5,heart,19304b10d9e1f17af19cccb2feb014a5,HBM284.MNHF.223
HuBMAP,https://entity.api.hubmapconsortium.org/entities/1aea5d37b6bef49653515595f228c545,small intestine,1aea5d37b6bef49653515595f228c545,HBM996.MDQH.988
HuBMAP,https://entity.api.hubmapconsortium.org/entities/1b5c7d45cb0e475b73f9280d092d34a5,left kidney,1b5c7d45cb0e475b73f9280d092d34a5,HBM398.BLRW.228
HuBMAP,https://entity.api.hubmapconsortium.org/entities/1c7aed43c995b32eb9b7233dce635529,small intestine,1c7aed43c995b32eb9b7233dce635529,HBM843.CLTD.457
HuBMAP,https://entity.api.hubmapconsortium.org/entities/1dc16eb0270ff73291dd45b6a96aa3c0,left kidney,1dc16eb0270ff73291dd45b6a96aa3c0,HBM626.PHCW.834
HuBMAP,https://entity.api.hubmapconsortium.org/entities/1ea6c0ac5ba60fe35bf63af8699b6fbe,left ureter,1ea6c0ac5ba60fe35bf63af8699b6fbe,HBM522.FTFK.487
HuBMAP,https://entity.api.hubmapconsortium.org/entities/1ef4a756160bd478823f7f400c3d3709,small intestine,1ef4a756160bd478823f7f400c3d3709,HBM687.SJLD.889
HuBMAP,https://entity.api.hubmapconsortium.org/entities/206d669d243f6dab04cc126a52cdab8d,left kidney,206d669d243f6dab04cc126a52cdab8d,HBM855.HPDG.442
HuBMAP,https://entity.api.hubmapconsortium.org/entities/21043afd6be7ec258f8a9fa1577c41b5,heart,21043afd6be7ec258f8a9fa1577c41b5,HBM255.QMNS.733
HuBMAP,https://entity.api.hubmapconsortium.org/entities/2107df00633f703d39e1ec74c271a9e5,left kidney,2107df00633f703d39e1ec74c271a9e5,HBM526.WCCD.472
HuBMAP,https://entity.api.hubmapconsortium.org/entities/215f1050fc286dcc579edfd9c2494de1,skin of body,215f1050fc286dcc579edfd9c2494de1,HBM666.JCGS.862
HuBMAP,https://entity.api.hubmapconsortium.org/entities/224e01ccfc20977ee5a6a6a5b96aa7d7,heart,224e01ccfc20977ee5a6a6a5b96aa7d7,HBM236.JPVT.769
HuBMAP,https://entity.api.hubmapconsortium.org/entities/22684b9011fc5aea5cb3f89670a461e8,heart,22684b9011fc5aea5cb3f89670a461e8,HBM599.GNJN.777
HuBMAP,https://entity.api.hubmapconsortium.org/entities/237b8f24c23821690519af862cf25a9f,respiratory system,237b8f24c23821690519af862cf25a9f,HBM578.BDBP.672
HuBMAP,https://entity.api.hubmapconsortium.org/entities/24f6fc63d7f0444d459de7f419701e86,large intestine,24f6fc63d7f0444d459de7f419701e86,HBM793.RPMP.954
HuBMAP,https://entity.api.hubmapconsortium.org/entities/254801a318687281ba3e473569d89a45,left kidney,254801a318687281ba3e473569d89a45,HBM456.XDCK.572
HuBMAP,https://entity.api.hubmapconsortium.org/entities/2553283ad2c4dfe0033ba752fe204551,right kidney,2553283ad2c4dfe0033ba752fe204551,HBM434.HHJG.856
HuBMAP,https://entity.api.hubmapconsortium.org/entities/262419be2d6fc1fbbbdcbf9645d7b11a,small intestine,262419be2d6fc1fbbbdcbf9645d7b11a,HBM953.KMTG.758
HuBMAP,https://entity.api.hubmapconsortium.org/entities/2638ed2b83e619710497ca2410dc1da1,large intestine,2638ed2b83e619710497ca2410dc1da1,HBM728.SRDD.525
HuBMAP,https://entity.api.hubmapconsortium.org/entities/2639e9e8488edddde275491cdbaae662,right kidney,2639e9e8488edddde275491cdbaae662,HBM675.VBDH.688
HuBMAP,https://entity.api.hubmapconsortium.org/entities/266d58d22549461cd454c32084b9f7fe,small intestine,266d58d22549461cd454c32084b9f7fe,HBM867.NVKS.443
HuBMAP,https://entity.api.hubmapconsortium.org/entities/26e1f2991c6f67fa10e9670f1bc0da6a,heart,26e1f2991c6f67fa10e9670f1bc0da6a,HBM276.ZCGM.239
HuBMAP,https://entity.api.hubmapconsortium.org/entities/277152f17b5a2f308820ab4d85c5a426,large intestine,277152f17b5a2f308820ab4d85c5a426,HBM927.FWCN.753
HuBMAP,https://entity.api.hubmapconsortium.org/entities/27db7c3986c56c8ce03e71779e7ce698,small intestine,27db7c3986c56c8ce03e71779e7ce698,HBM947.NLPP.426
HuBMAP,https://entity.api.hubmapconsortium.org/entities/28d7789ef980031fb7278646fe43ffe1,right kidney,28d7789ef980031fb7278646fe43ffe1,HBM958.GZCX.985
HuBMAP,https://entity.api.hubmapconsortium.org/entities/293d9f9a1a076c616ed91d7251ec831c,respiratory system,293d9f9a1a076c616ed91d7251ec831c,HBM395.WSDD.355
HuBMAP,https://entity.api.hubmapconsortium.org/entities/2958cd11dad5ee8bcf7bf8d4b3e4a128,large intestine,2958cd11dad5ee8bcf7bf8d4b3e4a128,HBM429.LLRT.546
HuBMAP,https://entity.api.hubmapconsortium.org/entities/29596bee3f70b2bfc89d184fe38a3daa,left kidney,29596bee3f70b2bfc89d184fe38a3daa,HBM265.HMJZ.658
HuBMAP,https://entity.api.hubmapconsortium.org/entities/29a538c3ddb396dee26188ae1151da46,spleen,29a538c3ddb396dee26188ae1151da46,HBM698.FWFH.998
HuBMAP,https://entity.api.hubmapconsortium.org/entities/2a4bc7e02193ed50cc8d692db06f042d,small intestine,2a4bc7e02193ed50cc8d692db06f042d,HBM368.MPRF.249
HuBMAP,https://entity.api.hubmapconsortium.org/entities/2a590db3d7ab1e1512816b165d95cdcf,right kidney,2a590db3d7ab1e1512816b165d95cdcf,HBM552.PBBF.363
HuBMAP,https://entity.api.hubmapconsortium.org/entities/2ae126ab16c264352b2d3d2607236b97,small intestine,2ae126ab16c264352b2d3d2607236b97,HBM348.TWMS.895
HuBMAP,https://entity.api.hubmapconsortium.org/entities/2b57ac6fea7aa96d26d2685a297a4e7a,spleen,2b57ac6fea7aa96d26d2685a297a4e7a,HBM342.FSLD.938
HuBMAP,https://entity.api.hubmapconsortium.org/entities/2bd350c08997ecfec9c22f453cf4e6af,left kidney,2bd350c08997ecfec9c22f453cf4e6af,HBM333.XMCV.992
HuBMAP,https://entity.api.hubmapconsortium.org/entities/2c718a10905c5941d4cc134a7027f808,small intestine,2c718a10905c5941d4cc134a7027f808,HBM528.KNNX.327
HuBMAP,https://entity.api.hubmapconsortium.org/entities/2c84a86ab51ec3a1168d8ba573d32c0a,left kidney,2c84a86ab51ec3a1168d8ba573d32c0a,HBM356.MDPN.792
HuBMAP,https://entity.api.hubmapconsortium.org/entities/2cd4eabca0b653af7f3b79534b2d641f,left kidney,2cd4eabca0b653af7f3b79534b2d641f,HBM294.CHCQ.358
HuBMAP,https://entity.api.hubmapconsortium.org/entities/2d0deacd8be70eefbdc33ac107d97e58,heart,2d0deacd8be70eefbdc33ac107d97e58,HBM296.KZXD.676
HuBMAP,https://entity.api.hubmapconsortium.org/entities/2d2356cf5b4eb114d958c31346c3dd2f,right kidney,2d2356cf5b4eb114d958c31346c3dd2f,HBM846.KVCF.674
HuBMAP,https://entity.api.hubmapconsortium.org/entities/2d3dbd5e5a3d9d5cfc7a46f06815a4eb,heart,2d3dbd5e5a3d9d5cfc7a46f06815a4eb,HBM364.XLVH.839
HuBMAP,https://entity.api.hubmapconsortium.org/entities/2d8b8b5f4cf8b1f955b1b823ae9a9441,left kidney,2d8b8b5f4cf8b1f955b1b823ae9a9441,HBM776.GZVW.552
HuBMAP,https://entity.api.hubmapconsortium.org/entities/2dac500177620d78ca174c2c1d36a6c8,respiratory system,2dac500177620d78ca174c2c1d36a6c8,HBM444.DXLZ.643
HuBMAP,https://entity.api.hubmapconsortium.org/entities/2e4ae8b2f845f62e77cea46ef074981c,right kidney,2e4ae8b2f845f62e77cea46ef074981c,HBM297.FDTX.382
HuBMAP,https://entity.api.hubmapconsortium.org/entities/2eca1430db3b9a4129bff717925fe932,large intestine,2eca1430db3b9a4129bff717925fe932,HBM536.FHLK.529
HuBMAP,https://entity.api.hubmapconsortium.org/entities/2ee93cd3a39b317d58d3f308281a943e,right kidney,2ee93cd3a39b317d58d3f308281a943e,HBM427.KFXP.323
HuBMAP,https://entity.api.hubmapconsortium.org/entities/30a94db595b402bd813b020b0c51e233,right kidney,30a94db595b402bd813b020b0c51e233,HBM393.SNVZ.737
HuBMAP,https://entity.api.hubmapconsortium.org/entities/3152ddcb811d362113ebb119602f2cd4,respiratory system,3152ddcb811d362113ebb119602f2cd4,HBM887.DDJL.589
HuBMAP,https://entity.api.hubmapconsortium.org/entities/319aafd9420a0c1c6f175d6a2ef060a9,spleen,319aafd9420a0c1c6f175d6a2ef060a9,HBM995.NPWL.939
HuBMAP,https://entity.api.hubmapconsortium.org/entities/32b783576b6c88fec03f5e5988e3effa,left kidney,32b783576b6c88fec03f5e5988e3effa,HBM456.CGDP.395
HuBMAP,https://entity.api.hubmapconsortium.org/entities/33b9c54d7c295897826e1e5271d4fc24,heart,33b9c54d7c295897826e1e5271d4fc24,HBM957.TXXZ.387
HuBMAP,https://entity.api.hubmapconsortium.org/entities/33c0ce043ae331ea23fc80023428e534,right kidney,33c0ce043ae331ea23fc80023428e534,HBM475.CVXD.875
HuBMAP,https://entity.api.hubmapconsortium.org/entities/33fcecfcdb5a264554dc06db897cd4f8,small intestine,33fcecfcdb5a264554dc06db897cd4f8,HBM535.QNTP.246
HuBMAP,https://entity.api.hubmapconsortium.org/entities/3480cd404d4bacd7bb8d21be8de12c6c,large intestine,3480cd404d4bacd7bb8d21be8de12c6c,HBM353.NZVQ.793
HuBMAP,https://entity.api.hubmapconsortium.org/entities/35234b5e3eda236bb80ef3722da366f7,left kidney,35234b5e3eda236bb80ef3722da366f7,HBM476.ZLDJ.925
HuBMAP,https://entity.api.hubmapconsortium.org/entities/35e9bf0f58152ceb6f4d01052ac8867d,heart,35e9bf0f58152ceb6f4d01052ac8867d,HBM342.CMHT.948
HuBMAP,https://entity.api.hubmapconsortium.org/entities/35f5b75a7e3d0711f16b0a10219586fb,left kidney,35f5b75a7e3d0711f16b0a10219586fb,HBM743.RNWC.765
HuBMAP,https://entity.api.hubmapconsortium.org/entities/367fee3b40cba682063289505b922be1,right kidney,367fee3b40cba682063289505b922be1,HBM299.VDWT.444
HuBMAP,https://entity.api.hubmapconsortium.org/entities/371a66eb271ddc229fa5cb2c3a20ca12,small intestine,371a66eb271ddc229fa5cb2c3a20ca12,HBM626.VJMB.795
HuBMAP,https://entity.api.hubmapconsortium.org/entities/377df3da484d29fdde20ec020a76ba1b,right ureter,377df3da484d29fdde20ec020a76ba1b,HBM969.PBMH.689
HuBMAP,https://entity.api.hubmapconsortium.org/entities/37988db44acc8d0780e4e31cd057e789,left kidney,37988db44acc8d0780e4e31cd057e789,HBM425.GDJT.648
HuBMAP,https://entity.api.hubmapconsortium.org/entities/37ccf28cb5c06e8ba076f587ee4e50be,respiratory system,37ccf28cb5c06e8ba076f587ee4e50be,HBM929.VSJQ.633
HuBMAP,https://entity.api.hubmapconsortium.org/entities/391061b538480d6d630bdfec283c0293,spleen,391061b538480d6d630bdfec283c0293,HBM689.XCBK.436
HuBMAP,https://entity.api.hubmapconsortium.org/entities/39d51c436734e5750bf84553ef7eaf85,large intestine,39d51c436734e5750bf84553ef7eaf85,HBM868.CXJM.449
HuBMAP,https://entity.api.hubmapconsortium.org/entities/39e55aa4b6953651230feff506c00fec,left kidney,39e55aa4b6953651230feff506c00fec,HBM822.KRLC.323
HuBMAP,https://entity.api.hubmapconsortium.org/entities/3a4fb23a49fba2647dba2b8f57976d25,small intestine,3a4fb23a49fba2647dba2b8f57976d25,HBM666.RBCG.529
HuBMAP,https://entity.api.hubmapconsortium.org/entities/3bb5f743b039cb620d7ef234e0876f7a,right kidney,3bb5f743b039cb620d7ef234e0876f7a,HBM349.QCWZ.339
HuBMAP,https://entity.api.hubmapconsortium.org/entities/3c1b10bc912c60c9afc36b7423695236,left kidney,3c1b10bc912c60c9afc36b7423695236,HBM467.RQDN.922
HuBMAP,https://entity.api.hubmapconsortium.org/entities/3d0bf870aaa607cd0bd0146a461ea0ac,heart,3d0bf870aaa607cd0bd0146a461ea0ac,HBM877.JFMS.222
HuBMAP,https://entity.api.hubmapconsortium.org/entities/3de2804ec3219228758dba8382d33423,spleen,3de2804ec3219228758dba8382d33423,HBM825.PBVN.284
HuBMAP,https://entity.api.hubmapconsortium.org/entities/3de525fe3e5718f297e8d62e037a042d,small intestine,3de525fe3e5718f297e8d62e037a042d,HBM593.JLCT.283
HuBMAP,https://entity.api.hubmapconsortium.org/entities/3e1d2641c370e6d6c47ff51d34fe5a58,large intestine,3e1d2641c370e6d6c47ff51d34fe5a58,HBM223.RVJG.329
HuBMAP,https://entity.api.hubmapconsortium.org/entities/3e6bdf82a2c9fb71ee98dff673b505af,large intestine,3e6bdf82a2c9fb71ee98dff673b505af,HBM787.WSCS.874
HuBMAP,https://entity.api.hubmapconsortium.org/entities/3f3d9117172a7ebda1a57b2d871ce1be,small intestine,3f3d9117172a7ebda1a57b2d871ce1be,HBM657.JXDD.239
HuBMAP,https://entity.api.hubmapconsortium.org/entities/3f3fc7fbd6c9ddffd3cd96e07b946252,large intestine,3f3fc7fbd6c9ddffd3cd96e07b946252,HBM438.JXJW.249
HuBMAP,https://entity.api.hubmapconsortium.org/entities/3febd011f193673c6f87a60718dd8f96,respiratory system,3febd011f193673c6f87a60718dd8f96,HBM673.GSSW.364
HuBMAP,https://entity.api.hubmapconsortium.org/entities/3ff97368165004ae9e3b799cef261a2a,urinary bladder,3ff97368165004ae9e3b799cef261a2a,HBM455.HBZX.789
HuBMAP,https://entity.api.hubmapconsortium.org/entities/40b8449d2e4edbf2168dfadaefd0ffe4,small intestine,40b8449d2e4edbf2168dfadaefd0ffe4,HBM727.DMKG.675
HuBMAP,https://entity.api.hubmapconsortium.org/entities/41dab04d801d21bfc99328c9e249cc68,left kidney,41dab04d801d21bfc99328c9e249cc68,HBM344.SXNJ.874
HuBMAP,https://entity.api.hubmapconsortium.org/entities/42ab155ddff1d33fe1c505c067828614,left kidney,42ab155ddff1d33fe1c505c067828614,HBM322.XJQZ.894
HuBMAP,https://entity.api.hubmapconsortium.org/entities/4348d5cf6485b949381a1c3358ab3f23,right kidney,4348d5cf6485b949381a1c3358ab3f23,HBM664.LQSH.693
HuBMAP,https://entity.api.hubmapconsortium.org/entities/434fbc55d458dc4e06da9ba4961f3840,left kidney,434fbc55d458dc4e06da9ba4961f3840,HBM292.MTQK.563
HuBMAP,https://entity.api.hubmapconsortium.org/entities/4369a119a9c06ea304003a5c3cb3a2e0,respiratory system,4369a119a9c06ea304003a5c3cb3a2e0,HBM582.CXXZ.438
HuBMAP,https://entity.api.hubmapconsortium.org/entities/43b15fb53db3518a5b1b0dcd4a63ddda,urinary bladder,43b15fb53db3518a5b1b0dcd4a63ddda,HBM937.DWCD.722
HuBMAP,https://entity.api.hubmapconsortium.org/entities/44830922b634a9ecd4812b4f27ad4923,right kidney,44830922b634a9ecd4812b4f27ad4923,HBM282.BKRZ.254
HuBMAP,https://entity.api.hubmapconsortium.org/entities/450581eb06aeeb66419b4007d5e86baa,right kidney,450581eb06aeeb66419b4007d5e86baa,HBM438.BGFJ.559
HuBMAP,https://entity.api.hubmapconsortium.org/entities/453b06e1f62ec3e54d8380e4e974a5a5,small intestine,453b06e1f62ec3e54d8380e4e974a5a5,HBM362.JVGH.934
HuBMAP,https://entity.api.hubmapconsortium.org/entities/47015df8ab7615a9ce26098d88196dde,left ureter,47015df8ab7615a9ce26098d88196dde,HBM439.BQLR.867
HuBMAP,https://entity.api.hubmapconsortium.org/entities/4734034ae3026f586bab5269085ba0e6,right kidney,4734034ae3026f586bab5269085ba0e6,HBM525.LRPL.332
HuBMAP,https://entity.api.hubmapconsortium.org/entities/4839e7564bc7676e781b8f3f9bfbf35b,small intestine,4839e7564bc7676e781b8f3f9bfbf35b,HBM772.TKCN.287
HuBMAP,https://entity.api.hubmapconsortium.org/entities/4887c97a8f862dfd0927fca83772da67,large intestine,4887c97a8f862dfd0927fca83772da67,HBM729.XTBN.693
HuBMAP,https://entity.api.hubmapconsortium.org/entities/494be3179855c071121a9307e0e84683,urinary bladder,494be3179855c071121a9307e0e84683,HBM375.THCD.382
HuBMAP,https://entity.api.hubmapconsortium.org/entities/4a535055190943788c69d672ba1c8a71,large intestine,4a535055190943788c69d672ba1c8a71,HBM389.MDVM.457
HuBMAP,https://entity.api.hubmapconsortium.org/entities/4b16c24a3997ea8754921b0f1d60bc4d,respiratory system,4b16c24a3997ea8754921b0f1d60bc4d,HBM244.QJFT.664
HuBMAP,https://entity.api.hubmapconsortium.org/entities/4b3d4efca2e64a650e943c7bf63f9830,urinary bladder,4b3d4efca2e64a650e943c7bf63f9830,HBM262.LMHQ.472
HuBMAP,https://entity.api.hubmapconsortium.org/entities/4b5dc6d04aa30a6eb0b224a7ab7d03b3,left kidney,4b5dc6d04aa30a6eb0b224a7ab7d03b3,HBM253.ZBGF.863
HuBMAP,https://entity.api.hubmapconsortium.org/entities/4b62d9d2c248323ce029859f953fdc57,right kidney,4b62d9d2c248323ce029859f953fdc57,HBM928.THDD.545
HuBMAP,https://entity.api.hubmapconsortium.org/entities/4c435d2297941eafda7fe30f327f88ec,heart,4c435d2297941eafda7fe30f327f88ec,HBM893.JVLB.845
HuBMAP,https://entity.api.hubmapconsortium.org/entities/4c4a3047474bf43ea46ca99157c460e1,small intestine,4c4a3047474bf43ea46ca99157c460e1,HBM536.BTZP.293
HuBMAP,https://entity.api.hubmapconsortium.org/entities/4e372aa4f8cfce62f2663c5ef810409a,right kidney,4e372aa4f8cfce62f2663c5ef810409a,HBM737.XZCH.767
HuBMAP,https://entity.api.hubmapconsortium.org/entities/4e9a64e657cca28ad36bd2c62693b6e0,large intestine,4e9a64e657cca28ad36bd2c62693b6e0,HBM364.SJBR.333
HuBMAP,https://entity.api.hubmapconsortium.org/entities/4ea2c240173bda1bd799b0f17e55a96d,large intestine,4ea2c240173bda1bd799b0f17e55a96d,HBM295.SWJJ.888
HuBMAP,https://entity.api.hubmapconsortium.org/entities/4fd71a24a7a81141700b26e9a9890172,small intestine,4fd71a24a7a81141700b26e9a9890172,HBM248.SGCJ.257
HuBMAP,https://entity.api.hubmapconsortium.org/entities/5039cf8619f6f8b5b4a14af1037e1d1f,left kidney,5039cf8619f6f8b5b4a14af1037e1d1f,HBM368.JCBG.263
HuBMAP,https://entity.api.hubmapconsortium.org/entities/50f466268d42ee8ebf929757ed670d12,small intestine,50f466268d42ee8ebf929757ed670d12,HBM395.NQKF.566
HuBMAP,https://entity.api.hubmapconsortium.org/entities/5137facf6f24b87d325b886ec8e5fb1f,right kidney,5137facf6f24b87d325b886ec8e5fb1f,HBM243.MTZV.726
HuBMAP,https://entity.api.hubmapconsortium.org/entities/51bc718e411810044e4258dae80ff044,left kidney,51bc718e411810044e4258dae80ff044,HBM363.FVKP.935
HuBMAP,https://entity.api.hubmapconsortium.org/entities/51bfd85763954248725ebf69f0dde5eb,left kidney,51bfd85763954248725ebf69f0dde5eb,HBM248.HPXX.584
HuBMAP,https://entity.api.hubmapconsortium.org/entities/524dc341a03c155b6f4140e9d72f9b1d,right kidney,524dc341a03c155b6f4140e9d72f9b1d,HBM938.WTSR.492
HuBMAP,https://entity.api.hubmapconsortium.org/entities/52ec5e111357f8fdd4ab2a3c5790cf4e,right kidney,52ec5e111357f8fdd4ab2a3c5790cf4e,HBM674.FLVW.576
HuBMAP,https://entity.api.hubmapconsortium.org/entities/52ef1c33a11494b43d8979e0e6057caa,large intestine,52ef1c33a11494b43d8979e0e6057caa,HBM683.NRPR.962
HuBMAP,https://entity.api.hubmapconsortium.org/entities/53fe8a84564b313d4e8ee90f337129dc,respiratory system,53fe8a84564b313d4e8ee90f337129dc,HBM592.RPKF.946
HuBMAP,https://entity.api.hubmapconsortium.org/entities/55452bd302046918eaeeffa62c5b5f03,left kidney,55452bd302046918eaeeffa62c5b5f03,HBM522.QXVG.468
HuBMAP,https://entity.api.hubmapconsortium.org/entities/56060793c38c82d8c312e5e05d5d189b,urinary bladder,56060793c38c82d8c312e5e05d5d189b,HBM898.XQTL.438
HuBMAP,https://entity.api.hubmapconsortium.org/entities/56742ee7dcbe8b03d964f519009db12d,right kidney,56742ee7dcbe8b03d964f519009db12d,HBM874.JPGB.398
HuBMAP,https://entity.api.hubmapconsortium.org/entities/56cbda4789f04d79c0c3dffe21816d48,right ureter,56cbda4789f04d79c0c3dffe21816d48,HBM629.GSHG.922
HuBMAP,https://entity.api.hubmapconsortium.org/entities/57054da2dbe87b93f1adb78444086963,left ureter,57054da2dbe87b93f1adb78444086963,HBM892.JLFV.844
HuBMAP,https://entity.api.hubmapconsortium.org/entities/578f1282276ddc1cc4c4817e4950f13c,urinary bladder,578f1282276ddc1cc4c4817e4950f13c,HBM326.DMVL.323
HuBMAP,https://entity.api.hubmapconsortium.org/entities/58167d0f778284d5b95af782bd8132da,respiratory system,58167d0f778284d5b95af782bd8132da,HBM832.WTNH.257
HuBMAP,https://entity.api.hubmapconsortium.org/entities/5908774e08f8a32737cdfe70e868a944,left kidney,5908774e08f8a32737cdfe70e868a944,HBM989.WFLC.569
HuBMAP,https://entity.api.hubmapconsortium.org/entities/59249f23ecdcc975c90de9a1956a5285,right kidney,59249f23ecdcc975c90de9a1956a5285,HBM879.SGNW.944
HuBMAP,https://entity.api.hubmapconsortium.org/entities/59f249caa2fe225f030205c2abd86051,skin of body,59f249caa2fe225f030205c2abd86051,HBM398.NCVN.256
HuBMAP,https://entity.api.hubmapconsortium.org/entities/59f7fa785f9dbd46f45758e22454e912,large intestine,59f7fa785f9dbd46f45758e22454e912,HBM964.FPNH.767
HuBMAP,https://entity.api.hubmapconsortium.org/entities/5a5ca03fa623602d9a859224aa40ace4,left kidney,5a5ca03fa623602d9a859224aa40ace4,HBM796.PCWD.863
HuBMAP,https://entity.api.hubmapconsortium.org/entities/5a6470730104461ebb4358a11f70bd56,right kidney,5a6470730104461ebb4358a11f70bd56,HBM873.NSHG.559
HuBMAP,https://entity.api.hubmapconsortium.org/entities/5afac98d9f449f2169b505179dd96f0e,small intestine,5afac98d9f449f2169b505179dd96f0e,HBM394.VSKR.883
HuBMAP,https://entity.api.hubmapconsortium.org/entities/5b8a17e92defe510fa91b3a97a728831,large intestine,5b8a17e92defe510fa91b3a97a728831,HBM462.JKCN.863
HuBMAP,https://entity.api.hubmapconsortium.org/entities/5c57b3574a103e4990c8ed54cd82c6e6,right kidney,5c57b3574a103e4990c8ed54cd82c6e6,HBM258.HQCL.349
HuBMAP,https://entity.api.hubmapconsortium.org/entities/5d111a1db2f18d507d23e79b993e1e4a,respiratory system,5d111a1db2f18d507d23e79b993e1e4a,HBM749.MTJC.865
HuBMAP,https://entity.api.hubmapconsortium.org/entities/5d333ab22f05d83c6a5ba4848a50b058,large intestine,5d333ab22f05d83c6a5ba4848a50b058,HBM935.WLRT.589
HuBMAP,https://entity.api.hubmapconsortium.org/entities/5dcd80f33dd59321055f621791918516,small intestine,5dcd80f33dd59321055f621791918516,HBM899.KTQM.246
HuBMAP,https://entity.api.hubmapconsortium.org/entities/5e2aaccdea5c209e217888f2c20ea64b,small intestine,5e2aaccdea5c209e217888f2c20ea64b,HBM433.PPZJ.377
HuBMAP,https://entity.api.hubmapconsortium.org/entities/5e919343564577bb99b140142061fd5f,small intestine,5e919343564577bb99b140142061fd5f,HBM527.BMGW.552
HuBMAP,https://entity.api.hubmapconsortium.org/entities/5ee240959c96b49d960702755478b9fc,left kidney,5ee240959c96b49d960702755478b9fc,HBM976.LDTR.982
HuBMAP,https://entity.api.hubmapconsortium.org/entities/5f4e84e77fd0e4dec0c4d1cab468de15,right kidney,5f4e84e77fd0e4dec0c4d1cab468de15,HBM965.PSNC.855
HuBMAP,https://entity.api.hubmapconsortium.org/entities/615462a0e4aa133d8b19644c404e3eeb,right kidney,615462a0e4aa133d8b19644c404e3eeb,HBM334.DWWF.436
HuBMAP,https://entity.api.hubmapconsortium.org/entities/61b3818a8c762a5708b275a714360608,small intestine,61b3818a8c762a5708b275a714360608,HBM466.XSKL.867
HuBMAP,https://entity.api.hubmapconsortium.org/entities/61e800af49715fa70ec90a7c53f3c389,large intestine,61e800af49715fa70ec90a7c53f3c389,HBM622.STKS.394
HuBMAP,https://entity.api.hubmapconsortium.org/entities/62efbe0a6abd0bcf53ab9ab29e7cd73f,left kidney,62efbe0a6abd0bcf53ab9ab29e7cd73f,HBM699.XBTD.684
HuBMAP,https://entity.api.hubmapconsortium.org/entities/63349325056ccff582f1d095055c7e12,left kidney,63349325056ccff582f1d095055c7e12,HBM842.DDTX.473
HuBMAP,https://entity.api.hubmapconsortium.org/entities/634511b7c63c16cfb51dc867c65cfc91,left kidney,634511b7c63c16cfb51dc867c65cfc91,HBM222.VQSW.335
HuBMAP,https://entity.api.hubmapconsortium.org/entities/654418415bed5ecb9596b17a0320a2c6,spleen,654418415bed5ecb9596b17a0320a2c6,HBM568.NGPL.345
HuBMAP,https://entity.api.hubmapconsortium.org/entities/65e850415322baad58626e3a228478dc,skin of body,65e850415322baad58626e3a228478dc,HBM875.SBHJ.939
HuBMAP,https://entity.api.hubmapconsortium.org/entities/674116f3bb6c85dc933ea4ce6ffab05f,right kidney,674116f3bb6c85dc933ea4ce6ffab05f,HBM736.MNMD.453
HuBMAP,https://entity.api.hubmapconsortium.org/entities/6751b407aa567865e4aa0bff3bd80a78,small intestine,6751b407aa567865e4aa0bff3bd80a78,HBM924.VZKC.957
HuBMAP,https://entity.api.hubmapconsortium.org/entities/67c6b239cf0986423273c874dd8c5e66,right kidney,67c6b239cf0986423273c874dd8c5e66,HBM834.THPC.928
HuBMAP,https://entity.api.hubmapconsortium.org/entities/67d7b5a3fb4f64a1f714d4369fdedc16,large intestine,67d7b5a3fb4f64a1f714d4369fdedc16,HBM554.DSLR.887
HuBMAP,https://entity.api.hubmapconsortium.org/entities/699e1e0966bf3bc53e8a114eff9c75d0,large intestine,699e1e0966bf3bc53e8a114eff9c75d0,HBM739.HCWP.359
HuBMAP,https://entity.api.hubmapconsortium.org/entities/69d175d24b6b3997cc99fa6531a5fbce,large intestine,69d175d24b6b3997cc99fa6531a5fbce,HBM685.MSCQ.978
HuBMAP,https://entity.api.hubmapconsortium.org/entities/69e35548d14ef026c46ddbab31f761da,right kidney,69e35548d14ef026c46ddbab31f761da,HBM347.MRTV.333
HuBMAP,https://entity.api.hubmapconsortium.org/entities/69ede86e15f4c129ca8eff2bb9940b36,small intestine,69ede86e15f4c129ca8eff2bb9940b36,HBM652.TXVL.374
HuBMAP,https://entity.api.hubmapconsortium.org/entities/6b5d4d3a6af69a3bb82c4768cd24396c,left kidney,6b5d4d3a6af69a3bb82c4768cd24396c,HBM532.GPWF.535
HuBMAP,https://entity.api.hubmapconsortium.org/entities/6c4582697caa32064baebc97cade18ef,left ureter,6c4582697caa32064baebc97cade18ef,HBM563.FFQJ.764
HuBMAP,https://entity.api.hubmapconsortium.org/entities/6c57274e7a40413dc042ec32442a228b,urinary bladder,6c57274e7a40413dc042ec32442a228b,HBM683.PNGX.923
HuBMAP,https://entity.api.hubmapconsortium.org/entities/6c75548f017fe5891f2ddc91566565f0,skin of body,6c75548f017fe5891f2ddc91566565f0,HBM592.JGSQ.253
HuBMAP,https://entity.api.hubmapconsortium.org/entities/6cd63d0ee2c67c3be41e4be1522d9c07,left kidney,6cd63d0ee2c67c3be41e4be1522d9c07,HBM465.STNV.844
HuBMAP,https://entity.api.hubmapconsortium.org/entities/6cd657565c709c832300336899a1e1ec,left kidney,6cd657565c709c832300336899a1e1ec,HBM462.XQCR.933
HuBMAP,https://entity.api.hubmapconsortium.org/entities/6df2f796ad72307d04dc94d688b725c5,small intestine,6df2f796ad72307d04dc94d688b725c5,HBM749.SMWP.555
HuBMAP,https://entity.api.hubmapconsortium.org/entities/6e1db473492095ccc2f1393d7259b9c0,left ureter,6e1db473492095ccc2f1393d7259b9c0,HBM573.JMXM.823
HuBMAP,https://entity.api.hubmapconsortium.org/entities/6efd19dc32f820a0e6be6a34973359b6,left kidney,6efd19dc32f820a0e6be6a34973359b6,HBM964.BVWP.737
HuBMAP,https://entity.api.hubmapconsortium.org/entities/6f1b0a72a5e10af1474cec9a8804b8f5,urinary bladder,6f1b0a72a5e10af1474cec9a8804b8f5,HBM355.NTQW.365
HuBMAP,https://entity.api.hubmapconsortium.org/entities/6f289cf6ba3614682e8d5f6c8e93ebb1,small intestine,6f289cf6ba3614682e8d5f6c8e93ebb1,HBM628.LKGZ.865
HuBMAP,https://entity.api.hubmapconsortium.org/entities/6fdfde6f88e34294b3cd58e070ebcba2,left kidney,6fdfde6f88e34294b3cd58e070ebcba2,HBM547.SJSK.268
HuBMAP,https://entity.api.hubmapconsortium.org/entities/7017034c816444f6acb469834e53344f,left kidney,7017034c816444f6acb469834e53344f,HBM874.GLHT.852
HuBMAP,https://entity.api.hubmapconsortium.org/entities/7034950e109586361e73c1b9ddb81346,small intestine,7034950e109586361e73c1b9ddb81346,HBM285.VFDT.966
HuBMAP,https://entity.api.hubmapconsortium.org/entities/704d16116f29994ab0e714f4afdb5516,right kidney,704d16116f29994ab0e714f4afdb5516,HBM479.GMDK.586
HuBMAP,https://entity.api.hubmapconsortium.org/entities/707d72d89097af2ff75d127137e5547e,right kidney,707d72d89097af2ff75d127137e5547e,HBM844.HNVJ.589
HuBMAP,https://entity.api.hubmapconsortium.org/entities/71477f504b0069828a368009fa3ab1ad,large intestine,71477f504b0069828a368009fa3ab1ad,HBM739.CHRX.338
HuBMAP,https://entity.api.hubmapconsortium.org/entities/71719ade6924098f772d4063541a50f3,large intestine,71719ade6924098f772d4063541a50f3,HBM847.HMFW.947
HuBMAP,https://entity.api.hubmapconsortium.org/entities/72b0dc83701c045d954b457baed40697,skin of body,72b0dc83701c045d954b457baed40697,HBM747.SPWK.779
HuBMAP,https://entity.api.hubmapconsortium.org/entities/72fd0d8256cd9d9e9d0c75ed7b4431cc,right kidney,72fd0d8256cd9d9e9d0c75ed7b4431cc,HBM445.HBRQ.488
HuBMAP,https://entity.api.hubmapconsortium.org/entities/739184f7ec84d93a35360cde81cc026c,right kidney,739184f7ec84d93a35360cde81cc026c,HBM525.SJRT.585
HuBMAP,https://entity.api.hubmapconsortium.org/entities/746688ea37608c8dbbcc1805adc0413c,small intestine,746688ea37608c8dbbcc1805adc0413c,HBM565.LSMX.645
HuBMAP,https://entity.api.hubmapconsortium.org/entities/74e09cbb91aba06b48429651cb388940,left kidney,74e09cbb91aba06b48429651cb388940,HBM949.PLLF.787
HuBMAP,https://entity.api.hubmapconsortium.org/entities/7500e7f02589f4b4e55641f09723c3de,large intestine,7500e7f02589f4b4e55641f09723c3de,HBM288.BBKK.828
HuBMAP,https://entity.api.hubmapconsortium.org/entities/763635933fb185b0174ea09273b36583,large intestine,763635933fb185b0174ea09273b36583,HBM824.XGWZ.857
HuBMAP,https://entity.api.hubmapconsortium.org/entities/7646a8a89555a123a56446b66c183d58,left kidney,7646a8a89555a123a56446b66c183d58,HBM524.KHPH.599
HuBMAP,https://entity.api.hubmapconsortium.org/entities/781a16848177ef6567d4963a0eb9fb0a,right kidney,781a16848177ef6567d4963a0eb9fb0a,HBM684.TLPQ.738
HuBMAP,https://entity.api.hubmapconsortium.org/entities/78e90185d511ee0f6293e266a7354348,right kidney,78e90185d511ee0f6293e266a7354348,HBM349.SNLB.893
HuBMAP,https://entity.api.hubmapconsortium.org/entities/79bf632f74be9a08676131877d919127,small intestine,79bf632f74be9a08676131877d919127,HBM285.RPBV.676
HuBMAP,https://entity.api.hubmapconsortium.org/entities/79f087ae551dd72997f174646bb0d5e0,respiratory system,79f087ae551dd72997f174646bb0d5e0,HBM963.KZKG.549
HuBMAP,https://entity.api.hubmapconsortium.org/entities/79f8c7ec1b200dfe5b46d0bcfec02bd7,left kidney,79f8c7ec1b200dfe5b46d0bcfec02bd7,HBM294.XZLM.256
HuBMAP,https://entity.api.hubmapconsortium.org/entities/7b8380782bc3f9ba8dca693909477b66,small intestine,7b8380782bc3f9ba8dca693909477b66,HBM845.VMSZ.536
HuBMAP,https://entity.api.hubmapconsortium.org/entities/7b99b447ffc977a3f6f890d32c7238b3,spleen,7b99b447ffc977a3f6f890d32c7238b3,HBM493.DHZJ.845
HuBMAP,https://entity.api.hubmapconsortium.org/entities/7c8c57d0d7f39d680f30587cc2c91c64,right kidney,7c8c57d0d7f39d680f30587cc2c91c64,HBM847.MDSJ.826
HuBMAP,https://entity.api.hubmapconsortium.org/entities/7c9e07c96d144536525b1f889acee14d,left kidney,7c9e07c96d144536525b1f889acee14d,HBM845.SFMK.942
HuBMAP,https://entity.api.hubmapconsortium.org/entities/7d70a4deb9e2f0592f0c56e20ca91169,heart,7d70a4deb9e2f0592f0c56e20ca91169,HBM852.VXGN.375
HuBMAP,https://entity.api.hubmapconsortium.org/entities/7ed80889944d7b0276e84f179090d622,left kidney,7ed80889944d7b0276e84f179090d622,HBM875.FRMB.667
HuBMAP,https://entity.api.hubmapconsortium.org/entities/7edbff53248f2a2c8e74f5f955681734,large intestine,7edbff53248f2a2c8e74f5f955681734,HBM468.ZZVX.652
HuBMAP,https://entity.api.hubmapconsortium.org/entities/7f1e932a91a86ef58ed61ee19c175c18,left kidney,7f1e932a91a86ef58ed61ee19c175c18,HBM694.NXCN.368
HuBMAP,https://entity.api.hubmapconsortium.org/entities/811e4fd5a09896edcb70814a582e85e4,small intestine,811e4fd5a09896edcb70814a582e85e4,HBM842.TBXT.532
HuBMAP,https://entity.api.hubmapconsortium.org/entities/81c50251d7f1aa85eeb6c03be44443a6,left kidney,81c50251d7f1aa85eeb6c03be44443a6,HBM735.ZMBG.672
HuBMAP,https://entity.api.hubmapconsortium.org/entities/81d8286998779f11d424210f19276941,small intestine,81d8286998779f11d424210f19276941,HBM827.VSPC.775
HuBMAP,https://entity.api.hubmapconsortium.org/entities/8306f9bdef96312bd36c18b45bd8e141,right kidney,8306f9bdef96312bd36c18b45bd8e141,HBM634.ZSHF.736
HuBMAP,https://entity.api.hubmapconsortium.org/entities/8464b75a88e33b69027c39b0c3f43b2f,right kidney,8464b75a88e33b69027c39b0c3f43b2f,HBM266.FTJN.632
HuBMAP,https://entity.api.hubmapconsortium.org/entities/846e56ed969922f1cb7a81619b175620,large intestine,846e56ed969922f1cb7a81619b175620,HBM764.ZFGN.389
HuBMAP,https://entity.api.hubmapconsortium.org/entities/84db9a72aba9ae0ef740192ad8747ee3,respiratory system,84db9a72aba9ae0ef740192ad8747ee3,HBM634.GHKQ.553
HuBMAP,https://entity.api.hubmapconsortium.org/entities/853ab5348f619043ab2f997ac8ae14f0,left ureter,853ab5348f619043ab2f997ac8ae14f0,HBM344.QRJX.878
HuBMAP,https://entity.api.hubmapconsortium.org/entities/85fa094cbdb29173e0a3463dce0790fc,respiratory system,85fa094cbdb29173e0a3463dce0790fc,HBM267.GLTT.762
HuBMAP,https://entity.api.hubmapconsortium.org/entities/8704f735f701691de8ba8f88ebf01a77,small intestine,8704f735f701691de8ba8f88ebf01a77,HBM785.FJVT.469
HuBMAP,https://entity.api.hubmapconsortium.org/entities/87e85403e3f7a946fc40bdcf5cba8360,large intestine,87e85403e3f7a946fc40bdcf5cba8360,HBM692.MHPM.997
HuBMAP,https://entity.api.hubmapconsortium.org/entities/892b7cae1138be0b8181cca95b901628,right kidney,892b7cae1138be0b8181cca95b901628,HBM835.DNQC.492
HuBMAP,https://entity.api.hubmapconsortium.org/entities/898138b7f45a67c574e9955fb400e9be,left kidney,898138b7f45a67c574e9955fb400e9be,HBM247.HLXR.494
HuBMAP,https://entity.api.hubmapconsortium.org/entities/8a5592389339a77ce7697f516aa721fe,small intestine,8a5592389339a77ce7697f516aa721fe,HBM985.RCMM.733
HuBMAP,https://entity.api.hubmapconsortium.org/entities/8adfc58a225049fb0884a8289d560534,right kidney,8adfc58a225049fb0884a8289d560534,HBM844.KXXX.692
HuBMAP,https://entity.api.hubmapconsortium.org/entities/8ae1c6747fb4f469edd91f1f23f65d24,small intestine,8ae1c6747fb4f469edd91f1f23f65d24,HBM983.RHMG.725
HuBMAP,https://entity.api.hubmapconsortium.org/entities/8b65acdfecc504e9a96c84643c3ab02c,heart,8b65acdfecc504e9a96c84643c3ab02c,HBM599.WCGN.978
HuBMAP,https://entity.api.hubmapconsortium.org/entities/8c1ad4c380ae5477d0b7875fa47e867e,small intestine,8c1ad4c380ae5477d0b7875fa47e867e,HBM349.CWPK.258
HuBMAP,https://entity.api.hubmapconsortium.org/entities/8c5e705001d5cc1c40dbd963ad848486,right kidney,8c5e705001d5cc1c40dbd963ad848486,HBM745.HTBD.332
HuBMAP,https://entity.api.hubmapconsortium.org/entities/8ccdee5587a477c482be2e6e19dddf7a,large intestine,8ccdee5587a477c482be2e6e19dddf7a,HBM298.XPFQ.827
HuBMAP,https://entity.api.hubmapconsortium.org/entities/8cdb42ed1194255c74c8462b99bbd7ef,left kidney,8cdb42ed1194255c74c8462b99bbd7ef,HBM444.PWKX.639
HuBMAP,https://entity.api.hubmapconsortium.org/entities/8d631eee88855ac59155edca2a3bc1ca,left ureter,8d631eee88855ac59155edca2a3bc1ca,HBM894.DMKD.525
HuBMAP,https://entity.api.hubmapconsortium.org/entities/8df15cb20f5e127d102a73d0ec5682a0,respiratory system,8df15cb20f5e127d102a73d0ec5682a0,HBM482.DKQF.747
HuBMAP,https://entity.api.hubmapconsortium.org/entities/8e2806ca447695e674889dba28506d38,spleen,8e2806ca447695e674889dba28506d38,HBM726.GNCK.634
HuBMAP,https://entity.api.hubmapconsortium.org/entities/8eeca1a98041348bb14fd652b766661e,large intestine,8eeca1a98041348bb14fd652b766661e,HBM573.TTLG.748
HuBMAP,https://entity.api.hubmapconsortium.org/entities/911380980cd33eac5add7f72d86de146,right kidney,911380980cd33eac5add7f72d86de146,HBM447.KCHB.778
HuBMAP,https://entity.api.hubmapconsortium.org/entities/91822c7d75c54ce838bcd4d77f076b25,large intestine,91822c7d75c54ce838bcd4d77f076b25,HBM895.RCSZ.274
HuBMAP,https://entity.api.hubmapconsortium.org/entities/91cfb45f5d398e950ed65786c87f4372,right ureter,91cfb45f5d398e950ed65786c87f4372,HBM226.HRTZ.874
HuBMAP,https://entity.api.hubmapconsortium.org/entities/92248f72d47b916a2027085ec1b8e996,left ureter,92248f72d47b916a2027085ec1b8e996,HBM293.NNSQ.773
HuBMAP,https://entity.api.hubmapconsortium.org/entities/9305d53ae8c0dd565a088cd45f20e0c8,respiratory system,9305d53ae8c0dd565a088cd45f20e0c8,HBM864.CWHJ.963
HuBMAP,https://entity.api.hubmapconsortium.org/entities/9308dab31ff0b18325f79a671cd6d833,large intestine,9308dab31ff0b18325f79a671cd6d833,HBM269.LCND.454
HuBMAP,https://entity.api.hubmapconsortium.org/entities/9457860c1b69f7ec3e51a6b648eabf13,left kidney,9457860c1b69f7ec3e51a6b648eabf13,HBM993.ZNNJ.876
HuBMAP,https://entity.api.hubmapconsortium.org/entities/9458b342e7a9bad77887b60ca42b6a26,small intestine,9458b342e7a9bad77887b60ca42b6a26,HBM256.CJVZ.757
HuBMAP,https://entity.api.hubmapconsortium.org/entities/949827f25f423d54663f09596351795d,left kidney,949827f25f423d54663f09596351795d,HBM938.GBST.823
HuBMAP,https://entity.api.hubmapconsortium.org/entities/9543f0b5e921d865e57a9fe3e4e62f4e,left kidney,9543f0b5e921d865e57a9fe3e4e62f4e,HBM347.LCMZ.227
HuBMAP,https://entity.api.hubmapconsortium.org/entities/96f5c73df89d553cda6547b508aee854,large intestine,96f5c73df89d553cda6547b508aee854,HBM679.NNNK.283
HuBMAP,https://entity.api.hubmapconsortium.org/entities/97c65df1d8fdc8d67c34a55e386fd430,left kidney,97c65df1d8fdc8d67c34a55e386fd430,HBM247.KWKL.324
HuBMAP,https://entity.api.hubmapconsortium.org/entities/985b97a1645baa3d7dffd4c0e13adbb6,left kidney,985b97a1645baa3d7dffd4c0e13adbb6,HBM834.SLQN.292
HuBMAP,https://entity.api.hubmapconsortium.org/entities/98c1bc0a44802108a6dcf8ce281628a7,large intestine,98c1bc0a44802108a6dcf8ce281628a7,HBM742.NHHQ.357
HuBMAP,https://entity.api.hubmapconsortium.org/entities/98d54824c0eb9843865dfc3a53b4cff4,large intestine,98d54824c0eb9843865dfc3a53b4cff4,HBM334.QWFV.953
HuBMAP,https://entity.api.hubmapconsortium.org/entities/9a36e5319429ec6aca5a8a9fef401929,spleen,9a36e5319429ec6aca5a8a9fef401929,HBM323.BVBV.658
HuBMAP,https://entity.api.hubmapconsortium.org/entities/9a7e6be288b27ddbd3366c4ae41bbcd2,left ureter,9a7e6be288b27ddbd3366c4ae41bbcd2,HBM633.LLDZ.679
HuBMAP,https://entity.api.hubmapconsortium.org/entities/9aed52d22e30b893045fd1f79b3663fb,respiratory system,9aed52d22e30b893045fd1f79b3663fb,HBM744.FNLN.846
HuBMAP,https://entity.api.hubmapconsortium.org/entities/9b03c4c79ef7bcd1e8992cd50ed3f482,large intestine,9b03c4c79ef7bcd1e8992cd50ed3f482,HBM696.FGSV.776
HuBMAP,https://entity.api.hubmapconsortium.org/entities/9b18ca7a4c869239ddf80f0dbae7438d,large intestine,9b18ca7a4c869239ddf80f0dbae7438d,HBM865.VDXC.862
HuBMAP,https://entity.api.hubmapconsortium.org/entities/9b99c75de2347b9567e33065108488e8,left kidney,9b99c75de2347b9567e33065108488e8,HBM449.QGGL.994
HuBMAP,https://entity.api.hubmapconsortium.org/entities/9bc5d8fc743fd4dd610586ca720976f1,left kidney,9bc5d8fc743fd4dd610586ca720976f1,HBM368.ZTJH.378
HuBMAP,https://entity.api.hubmapconsortium.org/entities/9d85dec83a12ae900c5b7603cb74d6ca,large intestine,9d85dec83a12ae900c5b7603cb74d6ca,HBM488.CNNZ.544
HuBMAP,https://entity.api.hubmapconsortium.org/entities/9e28cdbdb5bc5b3cf7299f13635eebc9,large intestine,9e28cdbdb5bc5b3cf7299f13635eebc9,HBM823.RJNG.364
HuBMAP,https://entity.api.hubmapconsortium.org/entities/9e91d1be412466551533cce5594450cb,heart,9e91d1be412466551533cce5594450cb,HBM888.CHTX.783
HuBMAP,https://entity.api.hubmapconsortium.org/entities/9fe24e50c8b8b77d86900ee4beecef69,left kidney,9fe24e50c8b8b77d86900ee4beecef69,HBM722.TVXP.469
HuBMAP,https://entity.api.hubmapconsortium.org/entities/a0946b9a99b0940c5e9eb7587deafee5,large intestine,a0946b9a99b0940c5e9eb7587deafee5,HBM792.FFJT.499
HuBMAP,https://entity.api.hubmapconsortium.org/entities/a19973065eec1489f4d6a308e73da275,left kidney,a19973065eec1489f4d6a308e73da275,HBM795.RNJG.329
HuBMAP,https://entity.api.hubmapconsortium.org/entities/a1d17fdd270a69c813b872a927dfa5f3,right kidney,a1d17fdd270a69c813b872a927dfa5f3,HBM232.MBNR.586
HuBMAP,https://entity.api.hubmapconsortium.org/entities/a24771788dc2d572e267badeb701161d,small intestine,a24771788dc2d572e267badeb701161d,HBM968.TKLP.596
HuBMAP,https://entity.api.hubmapconsortium.org/entities/a39f501df340b605a58dc492f51c05db,left kidney,a39f501df340b605a58dc492f51c05db,HBM976.ZTXZ.422
HuBMAP,https://entity.api.hubmapconsortium.org/entities/a39fed027b51d97f83cec90c63c44744,respiratory system,a39fed027b51d97f83cec90c63c44744,HBM456.GRCM.369
HuBMAP,https://entity.api.hubmapconsortium.org/entities/a44f5dbe2472dac447b0f91a24da8b30,urinary bladder,a44f5dbe2472dac447b0f91a24da8b30,HBM469.ZSKB.898
HuBMAP,https://entity.api.hubmapconsortium.org/entities/a48ab0bf5d8084da24859c4e64336e9c,heart,a48ab0bf5d8084da24859c4e64336e9c,HBM537.MVDQ.934
HuBMAP,https://entity.api.hubmapconsortium.org/entities/a56498f8e577a6caed934c83cbbb0bb3,small intestine,a56498f8e577a6caed934c83cbbb0bb3,HBM949.XCRM.573
HuBMAP,https://entity.api.hubmapconsortium.org/entities/a5729f859fc944c76f77fc74a1710e3b,large intestine,a5729f859fc944c76f77fc74a1710e3b,HBM265.NQCH.947
HuBMAP,https://entity.api.hubmapconsortium.org/entities/a69367866979f878635b2b665a6a7e0c,right kidney,a69367866979f878635b2b665a6a7e0c,HBM974.RQNL.845
HuBMAP,https://entity.api.hubmapconsortium.org/entities/a6bfa5ab516fcc24137cdd3ce3971e2c,left kidney,a6bfa5ab516fcc24137cdd3ce3971e2c,HBM528.KNCB.488
HuBMAP,https://entity.api.hubmapconsortium.org/entities/a702c94500a2f737b722e34f6df7e7dd,large intestine,a702c94500a2f737b722e34f6df7e7dd,HBM242.LSCK.393
HuBMAP,https://entity.api.hubmapconsortium.org/entities/a7ecf4fd858a58dcaa3bab5df455065b,small intestine,a7ecf4fd858a58dcaa3bab5df455065b,HBM238.GTNW.259
HuBMAP,https://entity.api.hubmapconsortium.org/entities/a95f2c79bb637141f7e6874eddc8e274,right kidney,a95f2c79bb637141f7e6874eddc8e274,HBM436.XFFT.833
HuBMAP,https://entity.api.hubmapconsortium.org/entities/a9d4471b41cd0d8185e12dd6c5a48e96,small intestine,a9d4471b41cd0d8185e12dd6c5a48e96,HBM284.SBPR.357
HuBMAP,https://entity.api.hubmapconsortium.org/entities/aa93e53df10842c13348a334c8fe423f,left kidney,aa93e53df10842c13348a334c8fe423f,HBM236.KSJH.889
HuBMAP,https://entity.api.hubmapconsortium.org/entities/aa97a7c3e11e210bfa1629ee467bdcf6,right kidney,aa97a7c3e11e210bfa1629ee467bdcf6,HBM876.HTRX.668
HuBMAP,https://entity.api.hubmapconsortium.org/entities/aabf05e28a70e7da1fc2558d9a2d82af,large intestine,aabf05e28a70e7da1fc2558d9a2d82af,HBM852.NKST.623
HuBMAP,https://entity.api.hubmapconsortium.org/entities/aaedb5272190e61bf557d3b0a1bc591f,right kidney,aaedb5272190e61bf557d3b0a1bc591f,HBM988.XDFD.773
HuBMAP,https://entity.api.hubmapconsortium.org/entities/abcc3410656bc854cf5e0abdee3de738,large intestine,abcc3410656bc854cf5e0abdee3de738,HBM894.MXVF.534
HuBMAP,https://entity.api.hubmapconsortium.org/entities/ac1d4544ab4886b851f74b2c21952378,left kidney,ac1d4544ab4886b851f74b2c21952378,HBM339.FPMK.994
HuBMAP,https://entity.api.hubmapconsortium.org/entities/ad312fba7d484a57f4a9b0d05977b521,left kidney,ad312fba7d484a57f4a9b0d05977b521,HBM774.TGWX.478
HuBMAP,https://entity.api.hubmapconsortium.org/entities/ad693f99fb9006e68a53e97598da1509,right kidney,ad693f99fb9006e68a53e97598da1509,HBM752.KZCK.589
HuBMAP,https://entity.api.hubmapconsortium.org/entities/ae24a29456fe677fcb97a4468eba922a,small intestine,ae24a29456fe677fcb97a4468eba922a,HBM384.LLDR.794
HuBMAP,https://entity.api.hubmapconsortium.org/entities/ae69348842e9e11be18cb3af99db834e,right kidney,ae69348842e9e11be18cb3af99db834e,HBM324.FKLK.233
HuBMAP,https://entity.api.hubmapconsortium.org/entities/aea2908c0165645e2c1a1251362c2465,small intestine,aea2908c0165645e2c1a1251362c2465,HBM827.SJBP.777
HuBMAP,https://entity.api.hubmapconsortium.org/entities/aeaaa0536b87935ad50cf69f1a0c3b1a,right kidney,aeaaa0536b87935ad50cf69f1a0c3b1a,HBM459.KCST.593
HuBMAP,https://entity.api.hubmapconsortium.org/entities/aece0d5303d9ce959cdab34a9e9f3003,left kidney,aece0d5303d9ce959cdab34a9e9f3003,HBM883.PHQS.523
HuBMAP,https://entity.api.hubmapconsortium.org/entities/af5741dad7aecf7960a129c3d2ae642a,right kidney,af5741dad7aecf7960a129c3d2ae642a,HBM779.FQMX.497
HuBMAP,https://entity.api.hubmapconsortium.org/entities/b05c21f9c94ce1a22a9694cd0fe0291e,left kidney,b05c21f9c94ce1a22a9694cd0fe0291e,HBM628.QKGB.497
HuBMAP,https://entity.api.hubmapconsortium.org/entities/b07a1fb96ddc2d4119e1f9a73d9c0a6a,right kidney,b07a1fb96ddc2d4119e1f9a73d9c0a6a,HBM478.VWXX.362
HuBMAP,https://entity.api.hubmapconsortium.org/entities/b0c09583b2a1b3c82eddce71706dba4b,right kidney,b0c09583b2a1b3c82eddce71706dba4b,HBM688.FLJB.475
HuBMAP,https://entity.api.hubmapconsortium.org/entities/b0f51c557f05bcff69c9eed090c93b79,respiratory system,b0f51c557f05bcff69c9eed090c93b79,HBM727.DWPV.852
HuBMAP,https://entity.api.hubmapconsortium.org/entities/b1a0bb5adb99161eb40f977358187c6d,large intestine,b1a0bb5adb99161eb40f977358187c6d,HBM632.WVCH.348
HuBMAP,https://entity.api.hubmapconsortium.org/entities/b1ac71625c1aba9d819fae1725c27a42,heart,b1ac71625c1aba9d819fae1725c27a42,HBM573.MWDW.928
HuBMAP,https://entity.api.hubmapconsortium.org/entities/b23c6f176280ad4c9fe8f74509cb6cf6,small intestine,b23c6f176280ad4c9fe8f74509cb6cf6,HBM925.KWDZ.229
HuBMAP,https://entity.api.hubmapconsortium.org/entities/b2ab05f290c0740c3198f020cd70e78d,left kidney,b2ab05f290c0740c3198f020cd70e78d,HBM597.PBJW.593
HuBMAP,https://entity.api.hubmapconsortium.org/entities/b340bb5715f967aa74d1b8eaeec0d475,respiratory system,b340bb5715f967aa74d1b8eaeec0d475,HBM247.BVLS.599
HuBMAP,https://entity.api.hubmapconsortium.org/entities/b3d66a3ef05dcca3984087b155c6e915,right kidney,b3d66a3ef05dcca3984087b155c6e915,HBM462.QLBN.535
HuBMAP,https://entity.api.hubmapconsortium.org/entities/b3e6c1651d33bdec8a827144c667e998,small intestine,b3e6c1651d33bdec8a827144c667e998,HBM569.NBHZ.832
HuBMAP,https://entity.api.hubmapconsortium.org/entities/b5ff6c347488c45deafeb6316dc7925b,right kidney,b5ff6c347488c45deafeb6316dc7925b,HBM942.NXWW.245
HuBMAP,https://entity.api.hubmapconsortium.org/entities/b6b6cb64d837a70aacd0275175d1c4e0,large intestine,b6b6cb64d837a70aacd0275175d1c4e0,HBM896.XHBT.664
HuBMAP,https://entity.api.hubmapconsortium.org/entities/b6f3dd854f9826cad29a2f63261e3a54,large intestine,b6f3dd854f9826cad29a2f63261e3a54,HBM627.KDHD.293
HuBMAP,https://entity.api.hubmapconsortium.org/entities/b921c30d5077581c016d87d4f4c9ff19,left kidney,b921c30d5077581c016d87d4f4c9ff19,HBM464.QLTL.574
HuBMAP,https://entity.api.hubmapconsortium.org/entities/b95f34761c252ebbd1e482cd9afae73f,left kidney,b95f34761c252ebbd1e482cd9afae73f,HBM373.HCFG.722
HuBMAP,https://entity.api.hubmapconsortium.org/entities/b99fc30c4195958fbef217fa9ed9ec8f,right kidney,b99fc30c4195958fbef217fa9ed9ec8f,HBM759.CHJW.244
HuBMAP,https://entity.api.hubmapconsortium.org/entities/ba3081716f3fa98a1670b0864c5115ff,large intestine,ba3081716f3fa98a1670b0864c5115ff,HBM255.NWHK.947
HuBMAP,https://entity.api.hubmapconsortium.org/entities/baf7cfd920bea2bbc0b6cd7d00ec1789,large intestine,baf7cfd920bea2bbc0b6cd7d00ec1789,HBM388.BLRJ.658
HuBMAP,https://entity.api.hubmapconsortium.org/entities/bba1f664447f3bf1bccb0b6ebf2f61ad,right kidney,bba1f664447f3bf1bccb0b6ebf2f61ad,HBM246.KBZS.276
HuBMAP,https://entity.api.hubmapconsortium.org/entities/bbcad31a55b1710dd5f889be8f63b62b,right kidney,bbcad31a55b1710dd5f889be8f63b62b,HBM747.TCHW.829
HuBMAP,https://entity.api.hubmapconsortium.org/entities/bc26df5c01b624841a51e60cd8229c51,right kidney,bc26df5c01b624841a51e60cd8229c51,HBM368.HNTH.732
HuBMAP,https://entity.api.hubmapconsortium.org/entities/bca0d1d7fcb2bdcde16a31d1484e83e5,right kidney,bca0d1d7fcb2bdcde16a31d1484e83e5,HBM476.VHDB.268
HuBMAP,https://entity.api.hubmapconsortium.org/entities/be103f95cc6c1a3e48f099d1bd149a49,left ureter,be103f95cc6c1a3e48f099d1bd149a49,HBM869.HBBF.473
HuBMAP,https://entity.api.hubmapconsortium.org/entities/be737d348cf32ff4c38145a928e0f435,small intestine,be737d348cf32ff4c38145a928e0f435,HBM573.SWGH.988
HuBMAP,https://entity.api.hubmapconsortium.org/entities/be815eafcdc11825037586353cf34b86,small intestine,be815eafcdc11825037586353cf34b86,HBM832.ZSQJ.442
HuBMAP,https://entity.api.hubmapconsortium.org/entities/be9a0e3119ea00dc156eff7ca346f46e,large intestine,be9a0e3119ea00dc156eff7ca346f46e,HBM876.ZBTD.373
HuBMAP,https://entity.api.hubmapconsortium.org/entities/bf1896efe41bb1b17eee3bd77072454d,right kidney,bf1896efe41bb1b17eee3bd77072454d,HBM879.GKJM.445
HuBMAP,https://entity.api.hubmapconsortium.org/entities/bff180755a5da7c036e5250c94f1ebd7#D115-RLL-10A3-40,respiratory system,bff180755a5da7c036e5250c94f1ebd7#D115-RLL-10A3-40,HBM795.VQSQ.889
HuBMAP,https://entity.api.hubmapconsortium.org/entities/c05a38c5210b870281b5aea01e290339,left kidney,c05a38c5210b870281b5aea01e290339,HBM268.RGJT.587
HuBMAP,https://entity.api.hubmapconsortium.org/entities/c0f9540056469f86daa7c7a363dfb0bd,small intestine,c0f9540056469f86daa7c7a363dfb0bd,HBM363.CKHC.928
HuBMAP,https://entity.api.hubmapconsortium.org/entities/c14b104f9e44511ddf82697bce0d1901,right kidney,c14b104f9e44511ddf82697bce0d1901,HBM734.LFLC.264
HuBMAP,https://entity.api.hubmapconsortium.org/entities/c1a0c043d0a986d71552091cc1b09742,left kidney,c1a0c043d0a986d71552091cc1b09742,HBM987.KWLK.254
HuBMAP,https://entity.api.hubmapconsortium.org/entities/c3e09a5698adbd3308d75c91eb7ff802,small intestine,c3e09a5698adbd3308d75c91eb7ff802,HBM234.FMQW.858
HuBMAP,https://entity.api.hubmapconsortium.org/entities/c3fc521953367daa816487df05a58ec8,small intestine,c3fc521953367daa816487df05a58ec8,HBM596.VMRV.644
HuBMAP,https://entity.api.hubmapconsortium.org/entities/c5334b682758b141c481f87ae010b537,large intestine,c5334b682758b141c481f87ae010b537,HBM938.KMNW.825
HuBMAP,https://entity.api.hubmapconsortium.org/entities/c616de3ce57804ede2dd519a1c8addf2,heart,c616de3ce57804ede2dd519a1c8addf2,HBM982.THGM.772
HuBMAP,https://entity.api.hubmapconsortium.org/entities/c6bb00096b0cf40751f9d6003fb730c7,heart,c6bb00096b0cf40751f9d6003fb730c7,HBM943.DFKN.947
HuBMAP,https://entity.api.hubmapconsortium.org/entities/c6c0cca1d093fcdb8d72bd18053a7940,left kidney,c6c0cca1d093fcdb8d72bd18053a7940,HBM775.CMGG.464
HuBMAP,https://entity.api.hubmapconsortium.org/entities/c7beda8afe491243d634e3fd0531489b,right kidney,c7beda8afe491243d634e3fd0531489b,HBM647.QDBG.936
HuBMAP,https://entity.api.hubmapconsortium.org/entities/c81b0dc9d16eb825a7d6bce6e1b3678f,right kidney,c81b0dc9d16eb825a7d6bce6e1b3678f,HBM363.NTWP.766
HuBMAP,https://entity.api.hubmapconsortium.org/entities/c8ee4bd8f052b50fab2e9e9365793374,large intestine,c8ee4bd8f052b50fab2e9e9365793374,HBM235.VKNJ.237
HuBMAP,https://entity.api.hubmapconsortium.org/entities/ca35382d67c90d4d9bca1ee16526b1d3,respiratory system,ca35382d67c90d4d9bca1ee16526b1d3,HBM967.LPHM.957
HuBMAP,https://entity.api.hubmapconsortium.org/entities/cae2beaf3926759549dbf4128d6b5ebd,urinary bladder,cae2beaf3926759549dbf4128d6b5ebd,HBM577.ZNLL.525
HuBMAP,https://entity.api.hubmapconsortium.org/entities/ccbad4ffd323265937b842ea36ada4ad,right kidney,ccbad4ffd323265937b842ea36ada4ad,HBM823.CNRW.484
HuBMAP,https://entity.api.hubmapconsortium.org/entities/ccf899abde825d51b03ad91028483ac1,left kidney,ccf899abde825d51b03ad91028483ac1,HBM587.QDFJ.926
HuBMAP,https://entity.api.hubmapconsortium.org/entities/cd0ad2f9ed2f896e682ecacfbdac01ab,large intestine,cd0ad2f9ed2f896e682ecacfbdac01ab,HBM943.LMMD.654
HuBMAP,https://entity.api.hubmapconsortium.org/entities/cdf9127efdfc96189845c35244d4d8ab,right kidney,cdf9127efdfc96189845c35244d4d8ab,HBM986.KFWG.239
HuBMAP,https://entity.api.hubmapconsortium.org/entities/ce30489adeb0c18b028055b8b60707ca,skin of body,ce30489adeb0c18b028055b8b60707ca,HBM238.ZKPC.934
HuBMAP,https://entity.api.hubmapconsortium.org/entities/ced1599b71875ead46a41286ce67ba53,small intestine,ced1599b71875ead46a41286ce67ba53,HBM958.RMDR.582
HuBMAP,https://entity.api.hubmapconsortium.org/entities/ceeb65e769fd592cbc9caad267cbe4fe,small intestine,ceeb65e769fd592cbc9caad267cbe4fe,HBM443.LGZK.435
HuBMAP,https://entity.api.hubmapconsortium.org/entities/cf25bdcd6bae8045f6b88bb3c9a32207,large intestine,cf25bdcd6bae8045f6b88bb3c9a32207,HBM297.MZZX.824
HuBMAP,https://entity.api.hubmapconsortium.org/entities/d0c1bd09443c301413f44f7108d20e08,respiratory system,d0c1bd09443c301413f44f7108d20e08,HBM265.FQWZ.384
HuBMAP,https://entity.api.hubmapconsortium.org/entities/d0f164331f53f745cfa3e67bf3feb22d,heart,d0f164331f53f745cfa3e67bf3feb22d,HBM949.ZHRT.229
HuBMAP,https://entity.api.hubmapconsortium.org/entities/d171ff8d83f707ecca64ff159c7160a7,respiratory system,d171ff8d83f707ecca64ff159c7160a7,HBM739.ZDLB.526
HuBMAP,https://entity.api.hubmapconsortium.org/entities/d1af36911148fdd7001fd4eebe7222f1,left kidney,d1af36911148fdd7001fd4eebe7222f1,HBM679.RLJH.432
HuBMAP,https://entity.api.hubmapconsortium.org/entities/d1d10cfa18d059a96365998fe6406ca9,large intestine,d1d10cfa18d059a96365998fe6406ca9,HBM688.GVRR.228
HuBMAP,https://entity.api.hubmapconsortium.org/entities/d1e9f509063984326570cf603c5654f2,left kidney,d1e9f509063984326570cf603c5654f2,HBM545.NTKZ.536
HuBMAP,https://entity.api.hubmapconsortium.org/entities/d363e6062d4962bc7ef44d1d94afec62,right kidney,d363e6062d4962bc7ef44d1d94afec62,HBM675.TZGS.843
HuBMAP,https://entity.api.hubmapconsortium.org/entities/d482512016a61ef479960e2cb58552f2,left kidney,d482512016a61ef479960e2cb58552f2,HBM482.MCCP.264
HuBMAP,https://entity.api.hubmapconsortium.org/entities/d48b7990d638dbede870ae9c1976e475,spleen,d48b7990d638dbede870ae9c1976e475,HBM243.NBKL.825
HuBMAP,https://entity.api.hubmapconsortium.org/entities/d655e506e3e07f345c65c3cc90d045e2,right kidney,d655e506e3e07f345c65c3cc90d045e2,HBM242.HNLH.466
HuBMAP,https://entity.api.hubmapconsortium.org/entities/d67c61063b82f6479e93133bdd8949fb,urinary bladder,d67c61063b82f6479e93133bdd8949fb,HBM446.TBPT.898
HuBMAP,https://entity.api.hubmapconsortium.org/entities/d68e7b99290b6b7cca686b54955a2c22,right kidney,d68e7b99290b6b7cca686b54955a2c22,HBM766.NZWP.682
HuBMAP,https://entity.api.hubmapconsortium.org/entities/d6e6c8e452ed628425e9e928306a6db0,heart,d6e6c8e452ed628425e9e928306a6db0,HBM592.DXHG.266
HuBMAP,https://entity.api.hubmapconsortium.org/entities/d73a864f5ad6bdffdf148f43423e2a01,spleen,d73a864f5ad6bdffdf148f43423e2a01,HBM772.XXCD.697
HuBMAP,https://entity.api.hubmapconsortium.org/entities/d87b2121ee1a5777c29a69307f806328,right kidney,d87b2121ee1a5777c29a69307f806328,HBM539.GJNB.784
HuBMAP,https://entity.api.hubmapconsortium.org/entities/d88c483eea56204fd3282c5f62f31f0d,right kidney,d88c483eea56204fd3282c5f62f31f0d,HBM464.PXZP.496
HuBMAP,https://entity.api.hubmapconsortium.org/entities/d8ec264c4660ef7053764f71ae1789d0,respiratory system,d8ec264c4660ef7053764f71ae1789d0,HBM449.JXLG.799
HuBMAP,https://entity.api.hubmapconsortium.org/entities/d9780d3f4eb9edfe275abaa32ff8633b,spleen,d9780d3f4eb9edfe275abaa32ff8633b,HBM232.MLHJ.832
HuBMAP,https://entity.api.hubmapconsortium.org/entities/dab09765ac710804749b195462381b32,right kidney,dab09765ac710804749b195462381b32,HBM827.MJMM.447
HuBMAP,https://entity.api.hubmapconsortium.org/entities/dbe24793ebc30c47e241150cccf4b0d1,right kidney,dbe24793ebc30c47e241150cccf4b0d1,HBM787.XCSX.733
HuBMAP,https://entity.api.hubmapconsortium.org/entities/dc4f4778dd04263c0660addcc93b3807,left kidney,dc4f4778dd04263c0660addcc93b3807,HBM522.VFGB.335
HuBMAP,https://entity.api.hubmapconsortium.org/entities/dc535e26fd17b8286a57d6dcd734c648,left kidney,dc535e26fd17b8286a57d6dcd734c648,HBM628.XTDP.423
HuBMAP,https://entity.api.hubmapconsortium.org/entities/dd3e6da115fd13eee62d9a4fba2324ae,right kidney,dd3e6da115fd13eee62d9a4fba2324ae,HBM947.GLGL.465
HuBMAP,https://entity.api.hubmapconsortium.org/entities/dd648e4648238b25a7d1062669ea89af,respiratory system,dd648e4648238b25a7d1062669ea89af,HBM948.GXMD.986
HuBMAP,https://entity.api.hubmapconsortium.org/entities/dd7ccbc306692fc5ff5e61c22845da21,left kidney,dd7ccbc306692fc5ff5e61c22845da21,HBM292.GSZL.269
HuBMAP,https://entity.api.hubmapconsortium.org/entities/de78115cc476af9422f916ddfbccbfb6,heart,de78115cc476af9422f916ddfbccbfb6,HBM726.SGLJ.852
HuBMAP,https://entity.api.hubmapconsortium.org/entities/e010f7505632d7b6eeda25b349383149,right kidney,e010f7505632d7b6eeda25b349383149,HBM933.JFFT.692
HuBMAP,https://entity.api.hubmapconsortium.org/entities/e375a44f5cf5457c8f9b1132574c2436,right kidney,e375a44f5cf5457c8f9b1132574c2436,HBM683.HJQF.753
HuBMAP,https://entity.api.hubmapconsortium.org/entities/e3b831b46c84bc66e88fa410cf89dc2d,large intestine,e3b831b46c84bc66e88fa410cf89dc2d,HBM363.LLBL.252
HuBMAP,https://entity.api.hubmapconsortium.org/entities/e3d2be85088ae5073758e6609167407a,right kidney,e3d2be85088ae5073758e6609167407a,HBM332.KQWB.454
HuBMAP,https://entity.api.hubmapconsortium.org/entities/e45724a72ab0e7d7b283451836dd983e,small intestine,e45724a72ab0e7d7b283451836dd983e,HBM666.NDQZ.365
HuBMAP,https://entity.api.hubmapconsortium.org/entities/e5f7a14d93659bd0b8dc2819ffa9bc4b,left ureter,e5f7a14d93659bd0b8dc2819ffa9bc4b,HBM979.VMDC.365
HuBMAP,https://entity.api.hubmapconsortium.org/entities/e65175561b4b17da5352e3837aa0e497,left kidney,e65175561b4b17da5352e3837aa0e497,HBM363.TBHH.346
HuBMAP,https://entity.api.hubmapconsortium.org/entities/e6fd525b837f4cf736c8af830f4f750f,large intestine,e6fd525b837f4cf736c8af830f4f750f,HBM575.THQM.284
HuBMAP,https://entity.api.hubmapconsortium.org/entities/e7b70f4c1b3cb934e45fc4114a4fca28,large intestine,e7b70f4c1b3cb934e45fc4114a4fca28,HBM259.DZXX.383
HuBMAP,https://entity.api.hubmapconsortium.org/entities/e7bdf34c4da9f1d880f2615226e9713d,left kidney,e7bdf34c4da9f1d880f2615226e9713d,HBM437.LCSH.956
HuBMAP,https://entity.api.hubmapconsortium.org/entities/e81c9c9753998b2ca69e8bceadf2409d,respiratory system,e81c9c9753998b2ca69e8bceadf2409d,HBM762.RPDR.282
HuBMAP,https://entity.api.hubmapconsortium.org/entities/e901621d0400c18d3d69decd46a82c84,right kidney,e901621d0400c18d3d69decd46a82c84,HBM729.TVMN.534
HuBMAP,https://entity.api.hubmapconsortium.org/entities/ea4cfecb8495b36694d9a951510dc3c6,right kidney,ea4cfecb8495b36694d9a951510dc3c6,HBM378.GNLP.786
HuBMAP,https://entity.api.hubmapconsortium.org/entities/eb961e5dc50239d35f5398903c64e2b9,left kidney,eb961e5dc50239d35f5398903c64e2b9,HBM234.VNGB.747
HuBMAP,https://entity.api.hubmapconsortium.org/entities/ec7ebe15feec075a0299979b0350dd3a,right kidney,ec7ebe15feec075a0299979b0350dd3a,HBM975.MVDK.648
HuBMAP,https://entity.api.hubmapconsortium.org/entities/ec85791b4b73e76bf32bb40bad60fb50,skin of body,ec85791b4b73e76bf32bb40bad60fb50,HBM494.XDQW.356
HuBMAP,https://entity.api.hubmapconsortium.org/entities/ec8f9880b5dda90c3c6017ba670097a9,large intestine,ec8f9880b5dda90c3c6017ba670097a9,HBM424.STVV.842
HuBMAP,https://entity.api.hubmapconsortium.org/entities/ec9405ca3fa9c22273927f0d57c8cc97,small intestine,ec9405ca3fa9c22273927f0d57c8cc97,HBM445.DTJZ.223
HuBMAP,https://entity.api.hubmapconsortium.org/entities/ed630484e46ea49b319c0e1f92140059,respiratory system,ed630484e46ea49b319c0e1f92140059,HBM282.NSXR.732
HuBMAP,https://entity.api.hubmapconsortium.org/entities/edfca1e982b712389bcc67d40d148a53,urinary bladder,edfca1e982b712389bcc67d40d148a53,HBM464.HPLN.254
HuBMAP,https://entity.api.hubmapconsortium.org/entities/ee6e44b3e6cb77ef1806e722390a01a8,respiratory system,ee6e44b3e6cb77ef1806e722390a01a8,HBM364.ZLDR.283
HuBMAP,https://entity.api.hubmapconsortium.org/entities/efaecdc1565274900386733cf1661ca6,large intestine,efaecdc1565274900386733cf1661ca6,HBM447.MNKW.592
HuBMAP,https://entity.api.hubmapconsortium.org/entities/f0d9d828d7d1e61289d72e52fafafafa,right kidney,f0d9d828d7d1e61289d72e52fafafafa,HBM634.JHVB.286
HuBMAP,https://entity.api.hubmapconsortium.org/entities/f220c9e7bcaea3a87162cbe61287ea4d,left ureter,f220c9e7bcaea3a87162cbe61287ea4d,HBM937.TWRN.355
HuBMAP,https://entity.api.hubmapconsortium.org/entities/f2647d9533956fdb12da6b1fc6254441,large intestine,f2647d9533956fdb12da6b1fc6254441,HBM745.RQWF.695
HuBMAP,https://entity.api.hubmapconsortium.org/entities/f3256b912f001d1b58877100b96e38a2,large intestine,f3256b912f001d1b58877100b96e38a2,HBM538.XQHP.544
HuBMAP,https://entity.api.hubmapconsortium.org/entities/f3a05f31c6ea4e2315bc66ff468a5a0a,right kidney,f3a05f31c6ea4e2315bc66ff468a5a0a,HBM573.JGLL.575
HuBMAP,https://entity.api.hubmapconsortium.org/entities/f412e76986c1012ea9589d545ed8f043,spleen,f412e76986c1012ea9589d545ed8f043,HBM482.JGJX.834
HuBMAP,https://entity.api.hubmapconsortium.org/entities/f4b3c0e24e09e1e8c16f2e4e190a8cbb,right kidney,f4b3c0e24e09e1e8c16f2e4e190a8cbb,HBM252.JLSW.848
HuBMAP,https://entity.api.hubmapconsortium.org/entities/f6eb890063d13698feb11d39fa61e45a,small intestine,f6eb890063d13698feb11d39fa61e45a,HBM758.GVSL.783
HuBMAP,https://entity.api.hubmapconsortium.org/entities/f71249f6e349fb9a99a3d4f08541cab4,spleen,f71249f6e349fb9a99a3d4f08541cab4,HBM388.MPQC.336
HuBMAP,https://entity.api.hubmapconsortium.org/entities/f7a8e78dea9cf70735059e8b4a179701,respiratory system,f7a8e78dea9cf70735059e8b4a179701,HBM475.FWNZ.942
HuBMAP,https://entity.api.hubmapconsortium.org/entities/f7b14f3298c0676d8cc5b127e72c8bc7,small intestine,f7b14f3298c0676d8cc5b127e72c8bc7,HBM974.CNWK.327
HuBMAP,https://entity.api.hubmapconsortium.org/entities/f85a3bfcde06f603102506c851dd76a0,small intestine,f85a3bfcde06f603102506c851dd76a0,HBM248.VZRB.728
HuBMAP,https://entity.api.hubmapconsortium.org/entities/f88e96675a3215474570083edad66e0c,left kidney,f88e96675a3215474570083edad66e0c,HBM785.XFTT.663
HuBMAP,https://entity.api.hubmapconsortium.org/entities/f9848244883f6c70972acef16680431a,respiratory system,f9848244883f6c70972acef16680431a,HBM658.VPJK.669
HuBMAP,https://entity.api.hubmapconsortium.org/entities/f9ae88d0a98b274efe18f03622de08a7,small intestine,f9ae88d0a98b274efe18f03622de08a7,HBM473.QGDG.848
HuBMAP,https://entity.api.hubmapconsortium.org/entities/fa238ec2a83302fb4af92442c3683a23,skin of body,fa238ec2a83302fb4af92442c3683a23,HBM975.FVCG.922
HuBMAP,https://entity.api.hubmapconsortium.org/entities/fa789beae7f1a0ad9947de50c329e3db,large intestine,fa789beae7f1a0ad9947de50c329e3db,HBM465.ZNVW.226
HuBMAP,https://entity.api.hubmapconsortium.org/entities/faa1acc13943ee9d365b6cc6a3ea889f,respiratory system,faa1acc13943ee9d365b6cc6a3ea889f,HBM223.JQLM.452
HuBMAP,https://entity.api.hubmapconsortium.org/entities/fae9a1f2e7abefca2203765a3c7a5ba1,left kidney,fae9a1f2e7abefca2203765a3c7a5ba1,HBM593.CLXN.573
HuBMAP,https://entity.api.hubmapconsortium.org/entities/fb71322290f359a730b709e2c58f8897,small intestine,fb71322290f359a730b709e2c58f8897,HBM676.QVGZ.455
HuBMAP,https://entity.api.hubmapconsortium.org/entities/fb94e862fe33f171de6e07d2d207d0de,right kidney,fb94e862fe33f171de6e07d2d207d0de,HBM485.VKSZ.779
HuBMAP,https://entity.api.hubmapconsortium.org/entities/fbb43e7c05d88c8700af94a32cb4e21d,left kidney,fbb43e7c05d88c8700af94a32cb4e21d,HBM782.HVML.355
HuBMAP,https://entity.api.hubmapconsortium.org/entities/fbfdd102ecd60d7cf9d3da8c3d83a5c4,left kidney,fbfdd102ecd60d7cf9d3da8c3d83a5c4,HBM745.FJML.722
HuBMAP,https://entity.api.hubmapconsortium.org/entities/fcd7a8d45be34fdccb8fa400ea81a331,right kidney,fcd7a8d45be34fdccb8fa400ea81a331,HBM532.KKRC.477
HuBMAP,https://entity.api.hubmapconsortium.org/entities/fd0b0c1d050010de3520492147aacef4,left kidney,fd0b0c1d050010de3520492147aacef4,HBM595.LBXP.486
HuBMAP,https://entity.api.hubmapconsortium.org/entities/fd57a928d9f3cee7e95d284f1d5b9935,heart,fd57a928d9f3cee7e95d284f1d5b9935,HBM563.ZTQV.233
HuBMAP,https://entity.api.hubmapconsortium.org/entities/fdfa344add5dcf9e8e0f6572efbf9312,right kidney,fdfa344add5dcf9e8e0f6572efbf9312,HBM892.CCDZ.345
HuBMAP,https://entity.api.hubmapconsortium.org/entities/fe0ded5fc0355c95239f9c040dd31e99,left kidney,fe0ded5fc0355c95239f9c040dd31e99,HBM324.XBMF.465
HuBMAP,https://entity.api.hubmapconsortium.org/entities/fee4cf0e7da557d3ef5c535b5417ed7a,left kidney,fee4cf0e7da557d3ef5c535b5417ed7a,HBM589.DDFR.467
HuBMAP,https://entity.api.hubmapconsortium.org/entities/feea9accbe57b7a052563895ac543d91,right kidney,feea9accbe57b7a052563895ac543d91,HBM634.QQWF.789
HuBMAP,https://entity.api.hubmapconsortium.org/entities/ff5d0d740fea8963e91f2e35c0a85596,large intestine,ff5d0d740fea8963e91f2e35c0a85596,HBM473.FZJS.484
HuBMAP,https://entity.api.hubmapconsortium.org/entities/ffade7fd19cebd25cd9a9fab2111cb09,urinary bladder,ffade7fd19cebd25cd9a9fab2111cb09,HBM367.SLVS.253
