Gene,Ensembl ID,Lineage/ L1 or state,cell type(s),Rationale/Source,Specific Request by,specificity flag,Protein/Other name,is_in_10x_multi_panel,10x_multi_panel_celltype,is_in_Xenium_KIL_panel,10x_panel_designer_comment
BAX,ENSG00000087088,apoptosis,multiple,Tissue  expert added,,,,FALSE,NA,FALSE,
BID,ENSG00000015475,apoptosis,multiple,Tissue  expert added,,,,FALSE,NA,FALSE,
CASP3,ENSG00000164305,apoptosis,multiple,Tissue  expert added,,,,FALSE,NA,FALSE,
CASP8,ENSG00000064012,apoptosis,multiple,Tissue  expert added,,,,FALSE,NA,FALSE,
CASP9,ENSG00000132906,apoptosis,multiple,Tissue  expert added,,,,FALSE,NA,FALSE,
BIRC5,ENSG00000089685,"apoptosis, inhibitor","multiple, said to be generally low in adult cells except cancer",Tissue  expert added,IVD,,,FALSE,NA,FALSE,
ARX,ENSG00000004848,endocrine,alpha cell,Tissue  expert added,pancreas,,,FALSE,NA,FALSE,
GHRL,ENSG00000157017,endocrine,epsilon cell,Tissue  expert added,pancreas,,,TRUE,Pancreas - Epsilon cells,FALSE,
IAPP,ENSG00000121351,endocrine,beta cell,Tissue  expert added,pancreas,,,FALSE,NA,FALSE,
NPTX2,ENSG00000106236,endocrine,beta cell,Tissue  expert added,pancreas,,,FALSE,NA,FALSE,
ADGRL4,ENSG00000162618,endothelial,"capillary endothelial cell,endothelial cell of artery,vein endothelial cell",TOP 5 (CZI) List,,,,TRUE,"Breast - Adipocytes,General - Endothelial cells,Liver - Hepatic stellate cells",FALSE,
CDH5,ENSG00000179776,endothelial,"capillary endothelial cell,endothelial cell of artery,endothelial tip cell",TOP 5 (CZI) List; MxIF Proteins,,,VE-Cadherin,FALSE,NA,FALSE,
GJA4,ENSG00000187513,endothelial,"endothelial large vessel, weak airway epithelial",MxIF Proteins,,,CX37,FALSE,NA,FALSE,
FLT1,ENSG00000102755,endothelial,"endothelial cells, some monocytes, DC, trophoblast",MxIF Proteins,,,VEGFR1,FALSE,NA,TRUE,
FLT4,ENSG00000037280,endothelial,"immature venous and lymphatic, in adult in mature lymphatic endothelial and HEV of LN",MxIF Proteins,,,VEGFR3,FALSE,NA,FALSE,
ICAM1,ENSG00000090339,endothelial,endothelial and other,MxIF Proteins,,, CD54,FALSE,NA,FALSE,
MEOX1,ENSG00000005102,endothelial,"highest endothelial cells, also fibroblasts, smooth muscle",MxIF Proteins,,check specificity?,,FALSE,NA,FALSE,
NRG3,ENSG00000185737,endothelial,Endocardial Endothelial,Tissue  expert added,HRT Add-on,,,FALSE,NA,FALSE,
PCDH15,ENSG00000150275,endothelial,Endocardial Endothelial,Tissue  expert added,HRT,,,FALSE,NA,FALSE,
PDPN,ENSG00000162493,endothelial,"endothelial, lymphatics, stromal of LN, podocytes, osteocytes, type 1 pneumocytes",MxIF Proteins,,,,TRUE,"General - Endothelial cells,General - Fibroblasts,General - Monocytes,Lung - Alveolar cells type 1",FALSE,
PECAM1,ENSG00000261371,endothelial,"endothelial cells most strongly, also some immune, some plts, ",MxIF Proteins,,,CD31 is PECAM1,TRUE,"General - Endothelial cells,General - Macrophages",TRUE,Highly expressed
ROBO4,ENSG00000154133,endothelial,endothelial tip cell,TOP 5 (CZI) List,,,,FALSE,NA,FALSE,
SOX17,ENSG00000164736,endothelial,"endothelial cell of artery,endothelial tip cell",TOP 5 (CZI) List,,,,TRUE,"Breast - Adipocytes,General - Endothelial cells",FALSE,
VEGFA,ENSG00000112715,endothelial,"endothelial cells, cardiac myofibroblasts, macrophages, schwann cells, activated chondrocytes",MxIF Proteins,,,,FALSE,NA,FALSE,
MMRN2,ENSG00000173269,"endothelial, artery",endothelial cell of artery,TOP 5 (CZI) List,,,,TRUE,"Breast - Adipocytes,General - Endothelial cells,Liver - Hepatic stellate cells",FALSE,
SOX18,ENSG00000203883,"endothelial, artery",endothelial cell of artery,TOP 5 (CZI) List,,,,TRUE,"Breast - Adipocytes,General - Endothelial cells,Liver - Hepatic stellate cells",FALSE,
ADGRF5,ENSG00000069122,"endothelial, capillary",capillary endothelial cell,TOP 5 (CZI) List,,,,FALSE,NA,FALSE,
CLDN5,ENSG00000184113,"endothelial, capillary",capillary endothelial cell,TOP 5 (CZI) List,,,,FALSE,NA,FALSE,
ART4,ENSG00000111339,"endothelial, lymphatic",Lymphatic Endothelium,Tissue  expert added,Ovary,,,FALSE,NA,FALSE,
CCL21,ENSG00000137077,"endothelial, lymphatic",endothelial cell of lymphatic vessel,"TOP 5 (CZI) List, MxIF protein",,,,FALSE,NA,FALSE,
ECSCR,ENSG00000249751,"endothelial, lymphatic","endothelial cell of lymphatic vessel,endothelial tip cell",TOP 5 (CZI) List,,,,TRUE,General - Endothelial cells,FALSE,
FABP4,ENSG00000170323,"endothelial, lymphatic",Lymphatic Endothelium,Tissue  expert added,Ovary,,,FALSE,NA,FALSE,
LYVE1,ENSG00000133800,"endothelial, lymphatic",lymphatic endothelial cells. some macrophages,MxIF Proteins,,,,TRUE,"General - Endothelial cells,Liver - Hepatic stellate cells,Liver - Kupffer cells",FALSE,
MMRN1,ENSG00000138722,"endothelial, lymphatic",endothelial cell of lymphatic vessel,TOP 5 (CZI) List; MxIF Proteins,,,,TRUE,"General - Endothelial cells,Liver - Hepatic stellate cells",TRUE,
POF1B,ENSG00000124429,"endothelial, lymphatic",Lymphatic Endothelium,Tissue  expert added,Ovary,,,FALSE,NA,FALSE,
PROX1,ENSG00000117707,"endothelial, lymphatic","""defining marker for LECs"", also in hepatocytes, slow muscle fibers, etc - multiple?; embryonic sympathic neurons, pancreas, liver, heart, intesetinal (lung>) enteroendocrine and neurondocrine cells, cytoplasm of megakaryoctyes and platelets",MxIF Proteins,,,,TRUE,"Colon - Enteroendocrine cells,General - Endothelial cells,Heart - Cardiomyocytes,Liver - Cholangiocytes,Liver - Hepatocytes",FALSE,
SCN3A,ENSG00000153253,"endothelial, lymphatic",Lymphatic Endothelium,Tissue  expert added,Ovary,,,FALSE,NA,FALSE,
THBD,ENSG00000178726,"endothelial, lymphatic",Lymphatic Endothelium,Tissue  expert added,Uterus,,,FALSE,NA,FALSE,
TM4SF18,ENSG00000163762,"endothelial, lymphatic","endothelial cell of lymphatic vessel,endothelial tip cell",TOP 5 (CZI) List,,,,TRUE,"Breast - Adipocytes,General - Endothelial cells,Liver - Hepatic stellate cells",FALSE,
TSPEAR,ENSG00000175894,"endothelial, lymphatic",Lymphatic Endothelium,Tissue  expert added,Uterus,,,FALSE,NA,FALSE,
CADM3-AS1,ENSG00000225670,"endothelial, vascular",vascular endothelium,Tissue  expert added,Uterus,,,FALSE,NA,FALSE,
CPLX1,ENSG00000168993,"endothelial, vascular",vascular endothelium,Tissue  expert added,Uterus,,,FALSE,NA,FALSE,
DCC,ENSG00000187323,"endothelial, vascular",vascular endothelium,Tissue  expert added,Ovary,,,FALSE,NA,FALSE,
ELOVL7,ENSG00000164181,"endothelial, vascular",vascular endothelium,Tissue  expert added,Uterus,,,FALSE,NA,FALSE,
FMO2,ENSG00000094963,"endothelial, vascular",vascular endothelium,Tissue  expert added,Ovary,,,FALSE,NA,FALSE,
LINC02360,ENSG00000248300,"endothelial, vascular",vascular endothelium,Tissue  expert added,Ovary,,,FALSE,NA,FALSE,
RXFP1,ENSG00000171509,"endothelial, vascular",vascular endothelium,Tissue  expert added,Ovary,,,FALSE,NA,FALSE,
SPC25,ENSG00000152253,"endothelial, vascular",vascular endothelium,Tissue  expert added,Uterus,,,FALSE,NA,FALSE,
ACKR1,ENSG00000213088,"endothelial, vein",vein endothelial cell,TOP 5 (CZI) List,Lung,,,TRUE,General - (post cap venule) Endothelial cells,TRUE,
DIPK2B,ENSG00000147113,"endothelial, vein",vein endothelial cell,TOP 5 (CZI) List,,,,FALSE,NA,FALSE,
PLVAP,ENSG00000130300,"endothelial, vein",vein endothelial cell,TOP 5 (CZI) List; MxIF Proteins,,,,FALSE,NA,TRUE,
ADCYAP1R1,ENSG00000078549,epithelial,glandular epithelium,Tissue  expert added,Ovary,,,FALSE,NA,FALSE,
AGER,ENSG00000204305,epithelial,type 1 pneumocyte,MxIF Proteins,,,,TRUE,Lung - Alveolar cells type 1,TRUE,
AMY2A,ENSG00000243480,epithelial,acinar cell,Tissue  expert added,pancreas,,,TRUE,Pancreas - Exocrine glandular cells,FALSE,
AR,ENSG00000169083,epithelial,"Sebocytes, apocrine glands",Tissue  expert added,Skin,,,TRUE,"Breast - Breast glandular cells,Liver - Hepatocytes",FALSE,
ARHGAP40,ENSG00000124143,epithelial,absorptive cell,TOP 5 (CZI) List,,,,FALSE,NA,FALSE,
AZGP1,ENSG00000160862,epithelial,serous cell,TOP 5 (CZI) List,,,,FALSE,NA,FALSE,
CALML3,ENSG00000178363,epithelial,absorptive cell,TOP 5 (CZI) List,,,,FALSE,NA,FALSE,
CEACAM5,ENSG00000105388,epithelial,goblet cell,TOP 5 (CZI) List,,,,FALSE,NA,FALSE,
CEACAM6,ENSG00000086548,epithelial,goblet cell,TOP 5 (CZI) List,,,,FALSE,NA,FALSE,
CHRM3,ENSG00000133019,epithelial,glandular epithelium,Tissue  expert added,Fallopian Tube,,,FALSE,NA,FALSE,
CLDN3,ENSG00000165215,epithelial,enterocyte,TOP 5 (CZI) List,,,,FALSE,NA,FALSE,
COL17A1,ENSG00000065618,epithelial,myoepithelial cell,TOP 5 (CZI) List,,,,TRUE,"Breast - Breast myoepithelial cells,Colon - Distal enterocytes,Skin - Basal keratinocytes",FALSE,
CXCL6,ENSG00000124875,epithelial,club cell,TOP 5 (CZI) List,,,CXCL4,TRUE,"General - Fibroblasts,Liver - Cholangiocytes,Lung - Club cells,Pancreas - Ductal cells",FALSE,
CYP24A1,ENSG00000019186,epithelial,glandular epithelium,Tissue  expert added,Uterus,,,FALSE,NA,FALSE,
CYP2F1,ENSG00000197446,epithelial,"club cell,goblet cell",TOP 5 (CZI) List,,,,TRUE,Lung - club cells,TRUE,
DPP6,ENSG00000130226,epithelial,glandular epithelium,Tissue  expert added,Ovary,,,FALSE,NA,FALSE,
EPCAM,ENSG00000119888,epithelial,most epithelial cells,MxIF Proteins,,,CDH1- this is not correct - CDH1 is ecadherin; EPCAM is CD326 if wanted the CD ID,TRUE,"Breast - Breast glandular cells,Colon - Distal enterocytes,Colon - Intestinal goblet cells,Colon - Paneth cells,Colon - Undifferentiated cells,General - Epithelial cells,Kidney - Collecting duct cells,Kidney - Proximal tubular cells,Liver - Cholangiocytes,Lung - Alveolar cells type 1,Lung - Club cells,Lung - Respiratory ciliated cells,Pancreas - Ductal cells",TRUE,
FABP1,ENSG00000163586,epithelial,enterocyte,TOP 5 (CZI) List,,,,FALSE,NA,FALSE,
FGG,ENSG00000171557,epithelial,"duct cell,serous cell",TOP 5 (CZI) List,,,,FALSE,NA,FALSE,
FOXI1,ENSG00000168269,epithelial,"ionocytes, kidney intercalated cells",MxIF Proteins,,,,TRUE,Kidney - distal tubular cells,FALSE,
GABRP,ENSG00000094755,epithelial,glandular epithelium,Tissue  expert added,Uterus,,,FALSE,NA,FALSE,
GCNT3,ENSG00000140297,epithelial,serous cell,TOP 5 (CZI) List,,,,FALSE,NA,FALSE,
HNF1B,ENSG00000275410,epithelial,glandular epithelium,Tissue  expert added,Uterus,,,FALSE,NA,FALSE,
ITPRID1,ENSG00000180347,epithelial,tuft cell,TOP 5 (CZI) List,,,,FALSE,NA,FALSE,
KCNC3,ENSG00000131398,epithelial,glandular epithelium,Tissue  expert added,Ovary,,,FALSE,NA,FALSE,
KLK11,ENSG00000167757,epithelial,mucous cell,TOP 5 (CZI) List,,,,TRUE,"Lung - Alveolar cells type 1,Lung - Club cells,Pancreas - Exocrine glandular cells,Skin - Suprabasal keratinocytes",FALSE,
KRT14,ENSG00000186847,epithelial,"basal cells, works with KRT5; metaplastic cells in cases of fibrosis; basal keratinocytes, outer root sheath (skin)",MxIF Proteins; Tissue expert added,,,,FALSE,NA,FALSE,
KRT17,ENSG00000128422,epithelial,"basal, hair follicles, sebaceous glands, may be low as baseline and induced with stress",MxIF Proteins,,,,FALSE,NA,FALSE,
KRT71,ENSG00000139648,epithelial,Inner root sheath,Tissue  expert added,Skin,,,FALSE,NA,FALSE,
KRT8,ENSG00000170421,epithelial,"multiple tissues, type 2 pneumocytes",MxIF Proteins,,,,FALSE,NA,FALSE,
LGALS4,ENSG00000171747,epithelial,enterocyte,TOP 5 (CZI) List,,,,FALSE,NA,FALSE,
LOR,ENSG00000203782,epithelial,epithelial,Tissue  expert added,Skin,,,FALSE,NA,FALSE,
MAL2,ENSG00000147676,epithelial,mucous cell,TOP 5 (CZI) List,,,,FALSE,NA,FALSE,
MISP,ENSG00000099812,epithelial,enterocyte,TOP 5 (CZI) List,,,,FALSE,NA,FALSE,
MMP3,ENSG00000149968,epithelial,"epithelial, periosteum, osteocytes/blasts, lung in IPF, chondrocytes, disc degeneration, inducible",Tissue  expert added,IVD,,,FALSE,NA,FALSE,
MUC5AC,ENSG00000215182,epithelial,"goblet cells lung, endocervix",MxIF Proteins,,,,FALSE,NA,FALSE,
MUC5B,ENSG00000117983,epithelial,"mucin secreting cells, airway epithelium, SM glands, etc",MxIF Proteins,,,,FALSE,NA,TRUE,
NR5A2,ENSG00000116833,epithelial,granulosa cell,TOP 5 (CZI) List,,,,FALSE,NA,FALSE,
PAX1,ENSG00000125813,epithelial,"ventral vertebral column, few thymic stromal",Tissue  expert added,IVD,,,FALSE,NA,FALSE,
RAB25,ENSG00000132698,epithelial,"duct cell,mucous cell,stratified epithelial cell",TOP 5 (CZI) List,,,,FALSE,NA,FALSE,
REEP6,ENSG00000115255,epithelial,granulosa cell,TOP 5 (CZI) List,,,,FALSE,NA,FALSE,
RTKN2,ENSG00000182010,epithelial,type I pneumocyte,TOP 5 (CZI) List,,,,TRUE,Lung - Alveolar cells type 1,FALSE,
S100A14,ENSG00000189334,epithelial,"duct cell,mucous cell,stratified epithelial cell",TOP 5 (CZI) List,,,,FALSE,NA,FALSE,
SCEL,ENSG00000136155,epithelial,type I pneumocyte,TOP 5 (CZI) List; MxIF Proteins,,,,FALSE,NA,TRUE,
SCGB3A2,ENSG00000164265,epithelial,"submocosal glands, bronchiolar epithelium, ? other tissues",MxIF Proteins,,,,FALSE,NA,TRUE,
SFRP2,ENSG00000145423,epithelial,"hari follicles, ?cell in IVD, pancreatic ca",Tissue  expert added,IVD,,,TRUE,"General - Endothelial cells,General - Fibroblasts,General - Smooth muscle cells",FALSE,
SFTPB,ENSG00000168878,epithelial,"type II pneumocyte, bronchiolar epithelium",MxIF Proteins,,,,FALSE,NA,TRUE,
SH2D7,ENSG00000183476,epithelial,tuft cell,TOP 5 (CZI) List,,,,FALSE,NA,FALSE,
SHH,ENSG00000164690,epithelial,Hair shaft matrix,Tissue  expert added,Skin,,,FALSE,NA,FALSE,
SLC15A1,ENSG00000088386,epithelial,paneth cell,TOP 5 (CZI) List,,,,FALSE,NA,FALSE,
SLC1A1,ENSG00000106688,epithelial,type I pneumocyte,TOP 5 (CZI) List,,,,FALSE,NA,FALSE,
SLC22A31,ENSG00000259803,epithelial,type II pneumocyte,TOP 5 (CZI) List,,,,FALSE,NA,FALSE,
SLC34A2,ENSG00000157765,epithelial,"duct cell,type II pneumocyte",TOP 5 (CZI) List,,,,FALSE,NA,FALSE,
SLC5A12,ENSG00000148942,epithelial,paneth cell,TOP 5 (CZI) List,,,,FALSE,NA,TRUE,
SLC5A8,ENSG00000256870,epithelial,glandular epithelium,Tissue  expert added,Uterus,,,FALSE,NA,FALSE,
SLCO1A2,ENSG00000084453,epithelial,tuft cell,TOP 5 (CZI) List,,,,FALSE,NA,FALSE,
SPDEF,ENSG00000124664,epithelial,goblet cell,TOP 5 (CZI) List,,,,TRUE,"Breast - Breast glandular cells,Colon - Intestinal goblet cells",TRUE,
SRPX,ENSG00000101955,epithelial,granulosa cell,TOP 5 (CZI) List,,,,TRUE,"General - Endothelial cells,General - Fibroblasts,Liver - Hepatic stellate cells",FALSE,
ST6GALNAC5,ENSG00000117069,epithelial,type I pneumocyte,TOP 5 (CZI) List,,,,FALSE,NA,FALSE,
TNNI3,ENSG00000129991,epithelial,granulosa cell,TOP 5 (CZI) List,,,,FALSE,NA,FALSE,
TNS4,ENSG00000131746,epithelial,myoepithelial cell,TOP 5 (CZI) List,,,,FALSE,NA,FALSE,
TP63,ENSG00000073282,epithelial,"basal, myoepithelial cell",TOP 5 (CZI) List; MxIF Proteins,,,,FALSE,NA,TRUE,
TRIM50,ENSG00000146755,epithelial,paneth cell,TOP 5 (CZI) List,,,,FALSE,NA,FALSE,
TRPM5,ENSG00000070985,epithelial,tuft cell,TOP 5 (CZI) List,,,,FALSE,NA,FALSE,
TSPAN8,ENSG00000127324,epithelial,club cell,TOP 5 (CZI) List,,,,FALSE,NA,FALSE,
TTYH1,ENSG00000167614,epithelial,serous cell,TOP 5 (CZI) List,,,,FALSE,NA,FALSE,
UGT2B7,ENSG00000171234,epithelial,"absorptive cell,duct cell,tuft cell",TOP 5 (CZI) List,,,,FALSE,NA,FALSE,
UPK1B,ENSG00000114638,epithelial,"club cell,goblet cell",TOP 5 (CZI) List,,,,FALSE,NA,FALSE,
UPK3A,ENSG00000100373,epithelial,paneth cell,TOP 5 (CZI) List,,,,FALSE,NA,FALSE,
VCAN,ENSG00000038427,epithelial,granulosa cell,TOP 5 (CZI) List,,,,TRUE,"General - Fibroblasts,General - Macrophages,General - Smooth muscle cells,Liver - Kupffer cells",FALSE,
VSIG2,ENSG00000019102,epithelial,club cell,TOP 5 (CZI) List,,,,FALSE,NA,FALSE,
WIF1,ENSG00000156076,epithelial,type II pneumocyte,TOP 5 (CZI) List,,,,FALSE,NA,FALSE,
WWC1,ENSG00000113645,epithelial,absorptive cell; epicardium,TOP 5 (CZI) List; Tissue Expert Added,HRT,,,FALSE,NA,FALSE,
ZNF385B,ENSG00000144331,epithelial,type II pneumocyte,TOP 5 (CZI) List,,,,FALSE,NA,FALSE,
ZNF750,ENSG00000141579,epithelial,absorptive cell,TOP 5 (CZI) List,,,,FALSE,NA,FALSE,
KRT19,ENSG00000171345,epithelial and eccrine,"stratified epithelial cell; restricted expression in gut, pancreatic ducts (IVD); Eccrine ductal cells (skin)",TOP 5 (CZI) List; Tissue expert added,,,,FALSE,NA,FALSE,
AQP5,ENSG00000161798,"epithelial, eccrine cells",Eccrine secretory cells,Tissue  expert added,Skin,,,FALSE,NA,FALSE,
DCD,ENSG00000161634,"epithelial, eccrine cells",Eccrine secretory cells,Tissue  expert added,Skin,,,FALSE,NA,FALSE,
KRT18,ENSG00000111057,"epithelial, eccrine cells",Eccrine and apocrine secretory cells,Tissue  expert added,Skin,,,FALSE,NA,FALSE,
DSC1,ENSG00000134765,"epithelial, keratinocytes",Differentiated Keratinocytes,Tissue  expert added,Skin,,,FALSE,NA,FALSE,
DSC3,ENSG00000134762,"epithelial, keratinocytes",keratinocyte,TOP 5 (CZI) List,,,,FALSE,NA,FALSE,
FLG,ENSG00000143631,"epithelial, keratinocytes",Cornified Keratinocytes,Tissue  expert added,Skin,,,FALSE,NA,FALSE,
KRT15,ENSG00000171346,"epithelial, keratinocytes",EpSC and Other Progenitors_1; TSK_basal; BCC,Tissue  expert added,Skin,,,FALSE,NA,FALSE,
KRT2,ENSG00000172867,"epithelial, keratinocytes",Spinous to Granular Cells,Tissue  expert added,Skin,,,FALSE,NA,FALSE,
KRT5,ENSG00000186081,"epithelial, keratinocytes","keratinocyte,myoepithelial cell,stratified epithelial cell",TOP 5 (CZI) List; MxIF Proteins,,,,FALSE,NA,TRUE,
KRTDAP,ENSG00000188508,"epithelial, keratinocytes",Differentiated Keratinocytes; Pilosebaceous cells; BCC,Tissue  expert added,Skin,,,FALSE,NA,FALSE,
LAMB3,ENSG00000196878,"epithelial, keratinocytes",TSK,Tissue  expert added,Skin,,,FALSE,NA,FALSE,
LY6D,ENSG00000167656,"epithelial, keratinocytes",Differentiated Keratinocytes; Keratinocytes,Tissue  expert added,Skin,,,TRUE,Skin - Suprabasal keratinocytes,FALSE,
LYPD3,ENSG00000124466,"epithelial, keratinocytes",Differentiated Keratinocytes,Tissue  expert added,Skin,,,FALSE,NA,FALSE,
SERPINB5,ENSG00000206075,"epithelial, keratinocytes",keratinocyte,TOP 5 (CZI) List,,,,FALSE,NA,FALSE,
SFN,ENSG00000175793,"epithelial, keratinocytes","keratinocyte,stratified epithelial cell",TOP 5 (CZI) List,,,,FALSE,NA,FALSE,
SFRP1,ENSG00000104332,"epithelial, keratinocytes",TSK_basal,Tissue  expert added,Skin,,,FALSE,NA,FALSE,
BCAN,ENSG00000132692,"epithelial, melanocyte",melanocyte,Tissue  expert added,Skin,,,FALSE,NA,FALSE,
COL11A1,ENSG00000060718,"epithelial, melanocyte",melanocyte,TOP 5 (CZI) List,,,,FALSE,NA,FALSE,
MLANA,ENSG00000120215,"epithelial, melanocyte",melanocyte,Tissue  expert added,Skin,,,TRUE,Skin - Melanocytes,FALSE,
PMEL,ENSG00000185664,"epithelial, melanocyte",melanocyte,TOP 5 (CZI) List,,,,FALSE,NA,FALSE,
SIM2,ENSG00000159263,"epithelial, melanocyte",melanocyte,TOP 5 (CZI) List,,,,FALSE,NA,FALSE,
SLC30A8,ENSG00000164756,"epithelial, melanocyte",melanocyte,TOP 5 (CZI) List,,,,FALSE,NA,FALSE,
TRIM63,ENSG00000158022,"epithelial, melanocyte",melanocyte,TOP 5 (CZI) List,,,,FALSE,NA,FALSE,
TYRP1,ENSG00000107165,"epithelial, melanocyte",melanocyte,Tissue  expert added,Skin,,,FALSE,NA,FALSE,
HAS1,ENSG00000105509,"epithelial, mesenchymal",Epicardium,Tissue  expert added,HRT Add-on,,,FALSE,NA,FALSE,
SLC39A8,ENSG00000138821,"epithelial, mesenchymal",Epicardium,Tissue  expert added,HRT Add-on,,,FALSE,NA,FALSE,
CFAP157,ENSG00000160401,"epithelial, multiciliated",multiciliated cell,TOP 5 (CZI) List,,,,FALSE,NA,FALSE,
DNAH12,ENSG00000174844,"epithelial, multiciliated",multiciliated cell,TOP 5 (CZI) List,,,,FALSE,NA,FALSE,
ERICH3,ENSG00000178965,"epithelial, multiciliated",multiciliated cell,TOP 5 (CZI) List,,,,FALSE,NA,FALSE,
FOXJ1,ENSG00000129654,"epithelial, multiciliated",multiciliated cells,MxIF Proteins,,,,TRUE,Lung - Respiratory ciliated cells,TRUE,
ZMYND10,ENSG00000004838,"epithelial, multiciliated",multiciliated cell,TOP 5 (CZI) List,,,,FALSE,NA,FALSE,
ITGA9,ENSG00000144668,"epithelial, stroma","airway epithelium, basal layer squamous epithelium, smooth and skeletal muscle",MxIF Proteins,,,,FALSE,NA,FALSE,
ALOX5,ENSG00000012779,ferroptosis,multiple,Tissue  expert added,,,,FALSE,NA,FALSE,
TFRC,ENSG00000072274,ferroptosis,multiple,Tissue  expert added,,,TFR1,FALSE,NA,FALSE,
AHSP,ENSG00000169877,hematopoietic,erythrocyte,TOP 5 (CZI) List,,,,TRUE,Liver - Erythroid cells,FALSE,
ALAS2,ENSG00000158578,hematopoietic,erythrocyte,TOP 5 (CZI) List,,,,TRUE,Liver - Erythroid cells,FALSE,
CD38,ENSG00000004468,hematopoietic,"maturing lymphoid, plasma cells",MxIF Proteins; Tissue  expert added,,,,FALSE,NA,TRUE,
PF4,ENSG00000163737,hematopoietic,"megakaryocytes, platelets",MxIF Proteins,,,,FALSE,NA,FALSE,
GYPB,ENSG00000250361,hematopoietic,erythrocyte,TOP 5 (CZI) List,,,,TRUE,Liver - Erythroid cells,FALSE,
HBM,ENSG00000206177,hematopoietic,erythrocyte,TOP 5 (CZI) List,,,,FALSE,NA,FALSE,
PTPRC,ENSG00000081237,hematopoietic,"all nucleated hematopoietic cells, cells derived from bone marrow",MxIF Proteins,,,CD45,TRUE,"Breast - Dendritic cells,General - B cells,General - Immune cells,General - Macrophages,General - T cells,Liver - Kupffer cells",TRUE,Highly expressed
SLC4A1,ENSG00000004939,hematopoietic,erythrocyte,TOP 5 (CZI) List,,,,TRUE,Liver - Erythroid cells,TRUE,
CD34,ENSG00000174059,hematopoietic stem cell,"immature endothelium, and others",MxIF Proteins,,,,TRUE,"Breast - Adipocytes,General - Endothelial cells,General - Fibroblasts,Liver - Hepatic stellate cells",FALSE,
DPPA4,ENSG00000121570,hematopoietic stem cell,hematopoietic stem cell,TOP 5 (CZI) List,,,,FALSE,NA,FALSE,
IGLL1,ENSG00000128322,hematopoietic stem cell,hematopoietic stem cell,TOP 5 (CZI) List,,,,FALSE,NA,FALSE,
PRSS57,ENSG00000185198,hematopoietic stem cell,hematopoietic stem cell,TOP 5 (CZI) List,,,,FALSE,NA,FALSE,
SPINK2,ENSG00000128040,hematopoietic stem cell,hematopoietic stem cell,TOP 5 (CZI) List,,,,FALSE,NA,FALSE,
HIF1A,ENSG00000100644,"hypoxia, stress",multiple,Tissue  expert added,,,,FALSE,NA,TRUE,Highly expressed
ACER1,ENSG00000167769,Immune cells,CD4_RGCC,Tissue  expert added,Skin,,,FALSE,NA,FALSE,
CCL19,ENSG00000172724,Immune cells,DC_CLEC9A_migrating; Pro-inflammatory Fibroblasts,Tissue  expert added,Skin,,,TRUE,"General - Fibroblasts,General - Monocytes,General - Smooth muscle cells",FALSE,
CCL22,ENSG00000102962,Immune cells,DC_Langerhans cells_migrating; DC,Tissue  expert added,Skin,,,FALSE,NA,FALSE,
CD1A,ENSG00000158477,Immune cells,DC_Langerhans cells; Macrophages and DC_3,Tissue  expert added,Skin,,,TRUE,"General - Dendritic cells,Skin - Langerhans cells",FALSE,
CD1B,ENSG00000158485,Immune cells,DC_Langerhans cells_migrating,Tissue  expert added,Skin,,,FALSE,NA,FALSE,
PTGDR2,ENSG00000183134,immune lymphoid,"CD4 (Th2),ILCs, ",MxIF Proteins,,,CRTH2,FALSE,NA,FALSE,
BANK1,ENSG00000153064,"immune lymphoid, B",B cell,Tissue  expert added,,,,TRUE,"General - B cells,General - T cells",TRUE,
BLK,ENSG00000136573,"immune lymphoid, B",memory B cell,TOP 5 (CZI) List,,,,FALSE,NA,FALSE,
CD19,ENSG00000177455,"immune lymphoid, B","follicular B cell,mature B cell",TOP 5 (CZI) List,,,,TRUE,General - B cells,FALSE,
CLEC17A,ENSG00000187912,"immune lymphoid, B",immature B cell,TOP 5 (CZI) List,,,,FALSE,NA,FALSE,
DERL3,ENSG00000099958,"immune lymphoid, B",plasma cell,TOP 5 (CZI) List,,,,TRUE,"General - B cells,General - T cells,Skin - Melanocytes",FALSE,
FCRL1,ENSG00000163534,"immune lymphoid, B","follicular B cell,naive B cell",TOP 5 (CZI) List,,,,FALSE,NA,FALSE,
FCRL5,ENSG00000143297,"immune lymphoid, B",plasma cell,TOP 5 (CZI) List,,,,FALSE,NA,FALSE,
FCRLA,ENSG00000132185,"immune lymphoid, B","class switched memory B cell,follicular B cell,immature B cell",TOP 5 (CZI) List,,,,FALSE,NA,FALSE,
MS4A1,ENSG00000156738,"immune lymphoid, B","class switched memory B cell,follicular B cell,immature B cell,mature B cell,memory B cell,naive B cell,pre-B cell",TOP 5 (CZI) List; MxIF Proteins,,,CD20,TRUE,"General - B cells,General - T cells",FALSE,
MZB1,ENSG00000170476,"immune lymphoid, B",plasma cell,TOP 5 (CZI) List,,,,TRUE,"Colon - Undifferentiated cells,General - B cells,General - T cells,Skin - Melanocytes",TRUE,
NIBAN3,ENSG00000167483,"immune lymphoid, B",pre-B cell,TOP 5 (CZI) List,,,,FALSE,NA,FALSE,
NUGGC,ENSG00000189233,"immune lymphoid, B",plasma cell,TOP 5 (CZI) List,,,,FALSE,NA,FALSE,
PAX5,ENSG00000196092,"immune lymphoid, B","class switched memory B cell,mature B cell,naive B cell,pre-B cell",TOP 5 (CZI) List,,,,FALSE,NA,TRUE,
SDC1,ENSG00000115884,"immune lymphoid, B",plasma cells,MxIF Proteins,,,CD138/ syndecan1,FALSE,NA,FALSE,
TCL1A,ENSG00000100721,"immune lymphoid, B","immature B cell,mature B cell,naive B cell,pre-B cell",TOP 5 (CZI) List,,,,TRUE,General - B cells,FALSE,
TNFRSF13B,ENSG00000240505,"immune lymphoid, B","class switched memory B cell,memory B cell",TOP 5 (CZI) List,,,,TRUE,General - B cells,FALSE,
TNFRSF13C,ENSG00000159958,"immune lymphoid, B","class switched memory B cell,memory B cell",TOP 5 (CZI) List,,,,FALSE,NA,FALSE,
TNFRSF17,ENSG00000048462,"immune lymphoid, B",plasma cell,TOP 5 (CZI) List,,,,TRUE,General - B cells,FALSE,
VPREB3,ENSG00000128218,"immune lymphoid, B","follicular B cell,immature B cell,mature B cell,memory B cell,naive B cell,pre-B cell",TOP 5 (CZI) List,,,,FALSE,NA,FALSE,
CD14,ENSG00000170458,"immune lymphoid, innate","monocytes, macrophages",MxIF Proteins,,,,TRUE,"Breast - Breast glandular cells,Colon - Distal enterocytes,General - Macrophages,General - Monocytes,Liver - Hepatic stellate cells,Liver - Kupffer cells,Skin - Langerhans cells",TRUE,
FUT4,ENSG00000196371,"immune lymphoid, innate","neutrophils, eosinophils, monocytes",MxIF Proteins,,,CD15,FALSE,NA,FALSE,
IL23R,ENSG00000162594,"immune lymphoid, innate",innate lymphoid cell,TOP 5 (CZI) List,,,,FALSE,NA,FALSE,
TMIGD2,ENSG00000167664,"immune lymphoid, innate",innate lymphoid cell,TOP 5 (CZI) List,,,,FALSE,NA,FALSE,
TNFSF11,ENSG00000120659,"immune lymphoid, innate",innate lymphoid cell,TOP 5 (CZI) List,,,,FALSE,NA,FALSE,
XCL1,ENSG00000143184,"immune lymphoid, innate",innate lymphoid cell,TOP 5 (CZI) List,,,,FALSE,NA,FALSE,
FCGR3A,ENSG00000203747,"immune lymphoid, NK","natural killer (NK) cells, non classical monocytes, and neutrophil",MxIF Proteins; Tissue expert added,,,CD16 / FcgRIIIa,TRUE,"Breast - Dendritic cells,General - Macrophages,General - Monocytes,General - T cells,Liver - Kupffer cells",TRUE,
CCL5,ENSG00000271503,"immune lymphoid, T","effector CD8 T cell,effector memory CD8 T cell","TOP 5 (CZI) List, Tissue  expert added (Uterus)",,,,TRUE,"Breast - Dendritic cells,General - T cells,Lung - Alveolar cells type 2,Pancreas - Ductal cells",FALSE,
CD2,ENSG00000116824,"immune lymphoid, T","NK T cell,T follicular helper cell,central memory CD4 T cell,effector memory CD4 T cell",TOP 5 (CZI) List,,,,TRUE,General - T cells,TRUE,
CD28,ENSG00000178562,"immune lymphoid, T",effector CD4 T cell,TOP 5 (CZI) List,,,,TRUE,"General - B cells,General - T cells",FALSE,
CD3D,ENSG00000167286,"immune lymphoid, T",T follicular helper cell,TOP 5 (CZI) List,,,,TRUE,"Breast - Dendritic cells,General - T cells",FALSE,
CD3E,ENSG00000198851,"immune lymphoid, T","T cells, CD4_naive, NK T cell,effector memory CD8 T cell",TOP 5 (CZI) List; MxIF Proteins; Tissue expert added,,,,TRUE,General - T cells,FALSE,
CD3G,ENSG00000160654,"immune lymphoid, T","NK T cell,effector memory CD4 T cell,naive CD8 T cell",TOP 5 (CZI) List,,,,FALSE,NA,FALSE,
CD4,ENSG00000010610,"immune lymphoid, T","CD4+ T cells, but also monocytes and macrophages, and others",MxIF Proteins,,,,TRUE,"General - Macrophages,General - T cells,Liver - Hepatic stellate cells,Liver - Kupffer cells,Skin - Langerhans cells",TRUE,
CD40LG,ENSG00000102245,"immune lymphoid, T","T follicular helper cell,central memory CD4 T cell,effector CD4 T cell,effector memory CD4 T cell,naive CD4 T cell,regulatory T cell",TOP 5 (CZI) List,,,,FALSE,NA,FALSE,
CD5,ENSG00000110448,"immune lymphoid, T","effector CD4 T cell,regulatory T cell",TOP 5 (CZI) List,,,,FALSE,NA,FALSE,
CD6,ENSG00000013725,"immune lymphoid, T","effector memory CD4 T cell,naive CD4 T cell",TOP 5 (CZI) List,,,,FALSE,NA,FALSE,
CD8A,ENSG00000153563,"immune lymphoid, T","central memory CD8 T cell,effector CD8 T cell,effector memory CD8 T cell,gamma-delta T cell,mucosal invariant T cell,naive CD8 T cell",TOP 5 (CZI) List; MxIF Proteins,,,,TRUE,"Breast - Dendritic cells,General - T cells",TRUE,
CD8B,ENSG00000172116,"immune lymphoid, T","central memory CD8 T cell,naive CD8 T cell",TOP 5 (CZI) List,,,,FALSE,NA,FALSE,
CST7,ENSG00000077984,"immune lymphoid, T",effector memory CD8 T cell,TOP 5 (CZI) List,,,,FALSE,NA,FALSE,
CTLA4,ENSG00000163599,"immune lymphoid, T",regulatory T cell,TOP 5 (CZI) List,,,,TRUE,"General - B cells,General - Immune checkpoint,General - T cells",FALSE,
CXCR6,ENSG00000172215,"immune lymphoid, T",mucosal invariant T cell,TOP 5 (CZI) List,,,,FALSE,NA,FALSE,
FOXP3,ENSG00000049768,"immune lymphoid, T",regulatory T cell,TOP 5 (CZI) List; MxIF Proteins,,,,TRUE,General - T cells,TRUE,
GPR171,ENSG00000174946,"immune lymphoid, T",mucosal invariant T cell,TOP 5 (CZI) List,,,,FALSE,NA,FALSE,
GZMA,ENSG00000145649,"immune lymphoid, T","effector CD8 T cell,effector memory CD8 T cell,gamma-delta T cell",TOP 5 (CZI) List,,,,TRUE,"Breast - Dendritic cells,General - T cells",FALSE,
GZMH,ENSG00000100450,"immune lymphoid, T",effector CD8 T cell,TOP 5 (CZI) List,,,,FALSE,NA,FALSE,
GZMK,ENSG00000113088,"immune lymphoid, T","NK T cell,mucosal invariant T cell",TOP 5 (CZI) List,,,,TRUE,General - T cells,FALSE,
GZMM,ENSG00000197540,"immune lymphoid, T",naive CD8 T cell,TOP 5 (CZI) List,,,,FALSE,NA,FALSE,
ICOS,ENSG00000163600,"immune lymphoid, T","effector CD4 T cell,regulatory T cell",TOP 5 (CZI) List,,,,FALSE,NA,FALSE,
IFNG,ENSG00000111537,"immune lymphoid, T",effector CD8 T cell,TOP 5 (CZI) List,,,,FALSE,NA,FALSE,
ITK,ENSG00000113263,"immune lymphoid, T","T follicular helper cell,central memory CD4 T cell",TOP 5 (CZI) List,,,,FALSE,NA,FALSE,
KLRK1,ENSG00000213809,"immune lymphoid, T",central memory CD8 T cell,TOP 5 (CZI) List,,,,FALSE,NA,FALSE,
MAL,ENSG00000172005,"immune lymphoid, T",naive CD4 T cell,TOP 5 (CZI) List,,,,FALSE,NA,FALSE,
NFATC1,ENSG00000131196,"immune lymphoid, T","T cell transcription factor, and others",MxIF Proteins,,,,FALSE,NA,FALSE,
THEMIS,ENSG00000172673,"immune lymphoid, T","central memory CD8 T cell,mucosal invariant T cell,naive CD8 T cell",TOP 5 (CZI) List,,,,FALSE,NA,TRUE,
TRAT1,ENSG00000163519,"immune lymphoid, T","T follicular helper cell,central memory CD4 T cell,effector CD4 T cell,effector memory CD4 T cell",TOP 5 (CZI) List,,,,FALSE,NA,FALSE,
XCL2,ENSG00000143185,"immune lymphoid, T","gamma-delta T cell,innate lymphoid cell",TOP 5 (CZI) List,,,,FALSE,NA,FALSE,
ZNF683,ENSG00000176083,"immune lymphoid, T",central memory CD8 T cell,TOP 5 (CZI) List,,,,FALSE,NA,FALSE,
ZNF831,ENSG00000124203,"immune lymphoid, T",central memory CD4 T cell,TOP 5 (CZI) List,,,,FALSE,NA,FALSE,
LEF1,ENSG00000138795,"immune lymphoid, T; epithelial",naive CD4 T cell; Hair shaft matrix )skin),TOP 5 (CZI) List; Tissue expert added,,,,FALSE,NA,FALSE,
CCR7,ENSG00000126353,"immune lymphoid, T; myloid?",naive CD4 T cell; (DC_CD1C_migrating; DC Skin),"TOP 5 (CZI) List, Tissue  expert added (skin)",,,,TRUE,"General - B cells,General - Monocytes,General - T cells,Skin - Langerhans cells",FALSE,
CD96,ENSG00000153283,"immune lymphoid, T/NKT",NK T cell,TOP 5 (CZI) List,,,,FALSE,NA,FALSE,
IFNG-AS1,ENSG00000255733,"immune lymphoid, T/NKT",T/NK cells,Tissue  expert added,Ovary,,,FALSE,NA,FALSE,
JAML,ENSG00000160593,"immune lymphoid, T/NKT",T/NK cells,Tissue  expert added,Uterus,,,FALSE,NA,FALSE,
KLRC2,ENSG00000205809,"immune lymphoid, T/NKT",T/NK cells,Tissue  expert added,Fallopian Tube,,,FALSE,NA,FALSE,
KLRC3,ENSG00000205810,"immune lymphoid, T/NKT",T/NK cells,Tissue  expert added,Fallopian Tube,,,FALSE,NA,FALSE,
LCK,ENSG00000182866,"immune lymphoid, T/NKT",T/NK cells,Tissue  expert added,Uterus,,,FALSE,NA,FALSE,
PTGDR,ENSG00000168229,"immune lymphoid, T/NKT",T/NK cells,Tissue  expert added,Ovary,,,FALSE,NA,FALSE,
PTCRA,ENSG00000171611,"immune lymphoid, thymoctye","double negative thymocyte,plasmacytoid dendritic cell",TOP 5 (CZI) List,,,,FALSE,NA,FALSE,
SELL,ENSG00000188404,"immune lymphoid, thymoctye",double negative thymocyte,TOP 5 (CZI) List,,,,TRUE,"General - B cells,General - Macrophages,General - T cells,Liver - Kupffer cells",FALSE,
SH2D1A,ENSG00000183918,"immune lymphoid, thymoctye",double positive thymocyte,TOP 5 (CZI) List,,,,FALSE,NA,FALSE,
SH3TC1,ENSG00000125089,"immune lymphoid, thymoctye",double positive thymocyte,TOP 5 (CZI) List,,,,FALSE,NA,FALSE,
SMIM24,ENSG00000095932,"immune lymphoid, thymoctye","double negative thymocyte,hematopoietic stem cell",TOP 5 (CZI) List,,,,TRUE,"Colon - Enteroendocrine cells,Kidney - Proximal tubular cells,Liver - Cholangiocytes",FALSE,
SMPD3,ENSG00000103056,"immune lymphoid, thymoctye",double positive thymocyte,TOP 5 (CZI) List,,,,FALSE,NA,FALSE,
SOCS2,ENSG00000120833,"immune lymphoid, thymoctye",double negative thymocyte,TOP 5 (CZI) List,,,,FALSE,NA,FALSE,
TCF7,ENSG00000081059,"immune lymphoid, thymoctye",double positive thymocyte,TOP 5 (CZI) List,,,,FALSE,NA,FALSE,
TFDP2,ENSG00000114126,"immune lymphoid, thymoctye",double positive thymocyte,TOP 5 (CZI) List,,,,FALSE,NA,FALSE,
UGT3A2,ENSG00000168671,"immune lymphoid, thymoctye",double negative thymocyte,TOP 5 (CZI) List,,,,FALSE,NA,FALSE,
CD1C,ENSG00000158481,"immune myeloid, dendritic","conventional dendritic cell, cDC2",TOP 5 (CZI) List;MxIF Proteins,,,,TRUE,"General - Dendritic cells,General - Macrophages,Skin - Langerhans cells",FALSE,
CLEC10A,ENSG00000132514,"immune myeloid, dendritic","conventional dendritic cell, cDC2",TOP 5 (CZI) List,,,,TRUE,"General - Macrophages,Skin - Langerhans cells",TRUE,
CLEC4C,ENSG00000198178,"immune myeloid, dendritic",plasmacytoid dendritic cell,TOP 5 (CZI) List,,,,FALSE,NA,FALSE,
CLEC9A,ENSG00000197992,"immune myeloid, dendritic",conventional dendritic cell,TOP 5 (CZI) List,,,,FALSE,NA,TRUE,
CSF2RA,ENSG00000198223,"immune myeloid, dendritic",conventional dendritic cell,TOP 5 (CZI) List,,Check this gene ID from the CZI list,,TRUE,"General - Macrophages,General - Monocytes,Skin - Langerhans cells",TRUE,
FCER1A,ENSG00000179639,"immune myeloid, dendritic","conventional dendritic cell, cDC2",TOP 5 (CZI) List,,,,TRUE,"General - Granulocytes,General - Macrophages,General - Myeloid dendritic cells,Skin - Langerhans cells",FALSE,
LILRA4,ENSG00000239961,"immune myeloid, dendritic",plasmacytoid dendritic cell,TOP 5 (CZI) List,,,,TRUE,General - Plasmacytoid dendritic cells,FALSE,
PLD4,ENSG00000166428,"immune myeloid, dendritic",plasmacytoid dendritic cell,TOP 5 (CZI) List,,,,TRUE,General - Macrophages,FALSE,
CXCL10,ENSG00000169245,"immune myeloid, macrophage",moMACinf,Tissue  expert added,,,,TRUE,"General - Endothelial cells,General - Macrophages,Pancreas - Ductal cells",TRUE,
HBEGF,ENSG00000113070,"immune myeloid, macrophage",moMACinf,Tissue  expert added,,,,FALSE,NA,FALSE,
CDK15,ENSG00000138395,"immune myeloid, mast",Mast,Tissue  expert added,HRT Add-on,,,FALSE,NA,FALSE,
CPA3,ENSG00000163751,"immune myeloid, mast","mast cell, platelet",TOP 5 (CZI) List,,,,TRUE,General - Granulocytes,TRUE,
HDC,ENSG00000140287,"immune myeloid, mast",mast cell,TOP 5 (CZI) List,,,,FALSE,NA,FALSE,
IL18R1,ENSG00000115604,"immune myeloid, mast",Mast,Tissue  expert added,HRT Add-on,,,FALSE,NA,FALSE,
MS4A2,ENSG00000149534,"immune myeloid, mast",mast cell,TOP 5 (CZI) List,,,,TRUE,General - Granulocytes,FALSE,
NTM,ENSG00000182667,"immune myeloid, mast",Mast,Tissue  expert added,HRT Add-on,,,FALSE,NA,FALSE,
TPSAB1,ENSG00000172236,"immune myeloid, mast","mast cell,platelet",TOP 5 (CZI) List; MxIF Proteins,,,,FALSE,NA,FALSE,
TPSB2,ENSG00000197253,"immune myeloid, mast",mast cell,TOP 5 (CZI) List,,,,FALSE,NA,TRUE,
CLEC1B,ENSG00000165682,"immune myeloid, megakaryocyte,platelet",platelet,TOP 5 (CZI) List,,,,FALSE,NA,FALSE,
GATA1,ENSG00000102145,"immune myeloid, megakaryocyte,platelet",megakaryocyte,TOP 5 (CZI) List,,,,FALSE,NA,FALSE,
GP9,ENSG00000169704,"immune myeloid, megakaryocyte,platelet",megakaryocyte,TOP 5 (CZI) List,,,,FALSE,NA,FALSE,
ITGA2B,ENSG00000005961,"immune myeloid, megakaryocyte,platelet",megakaryocyte,TOP 5 (CZI) List,,,,FALSE,NA,FALSE,
MPIG6B,ENSG00000204420,"immune myeloid, megakaryocyte,platelet",megakaryocyte,TOP 5 (CZI) List,,,,FALSE,NA,FALSE,
TREML1,ENSG00000161911,"immune myeloid, megakaryocyte,platelet",platelet,TOP 5 (CZI) List,,,,FALSE,NA,FALSE,
TUBB1,ENSG00000101162,"immune myeloid, megakaryocyte,platelet","megakaryocyte,platelet",TOP 5 (CZI) List,,,,FALSE,NA,FALSE,
ADGRE2,ENSG00000127507,"immune, myeloid",non classical monocyte,Tissue  expert added,,,,FALSE,NA,FALSE,
C1QB,ENSG00000173369,"immune, myeloid",macrophage,TOP 5 (CZI) List,,,,FALSE,NA,FALSE,
C1QC,ENSG00000159189,"immune, myeloid",macrophage,TOP 5 (CZI) List,,,,FALSE,NA,FALSE,
CCL2,ENSG00000108691,"immune, myeloid","monocytes, macrophages, dendritic cells, induced wtih stress in multiple (epithelial, endothelial, stromal)",MxIF Proteins,,,MCP1,FALSE,NA,TRUE,
CD163,ENSG00000177575,"immune, myeloid",macrophage,TOP 5 (CZI) List; MxIF Proteins,,,,TRUE,"General - Macrophages,Liver - Kupffer cells,Skin - Langerhans cells",TRUE,
CD300E,ENSG00000186407,"immune, myeloid","classical monocyte,non-classical monocyte",TOP 5 (CZI) List,,,,TRUE,"General - Macrophages,Liver - Kupffer cells",FALSE,
CD68,ENSG00000129226,"immune, myeloid",macrophages (subset),MxIF Proteins,,,,TRUE,"General - Macrophages,Liver - Kupffer cells,Skin - Langerhans cells",TRUE,
CD79B,ENSG00000007312,"immune, myeloid",non classical monocyte,Tissue  expert added,,,,FALSE,NA,FALSE,
CEACAM8,ENSG00000124469,"immune, myeloid",neutrophils,MxIF Proteins,,,CD66B,FALSE,NA,FALSE,
CXCR2,ENSG00000180871,"immune, myeloid","conventional dendritic cell, cDC1",Tissue  expert added,,,,FALSE,NA,FALSE,
FCGR3B,ENSG00000162747,"immune, myeloid",neutrophil,TOP 5 (CZI) List,,,,FALSE,NA,TRUE,
FCN1,ENSG00000085265,"immune, myeloid","classical monocyte,non-classical monocyte",TOP 5 (CZI) List,,,,TRUE,"General - Macrophages,Liver - Kupffer cells",TRUE,
IGSF21,ENSG00000117154,"immune, myeloid",macrophage,Tissue  expert added,Uterus,,,FALSE,NA,FALSE,
KCND3,ENSG00000171385,"immune, myeloid","conventional dendritic cell, cDC1",Tissue  expert added,,,,FALSE,NA,FALSE,
KCNK13,ENSG00000152315,"immune, myeloid",macrophage,Tissue  expert added,Fallopian Tube,,,FALSE,NA,FALSE,
LAMP3,ENSG00000078081,"immune, myeloid",Langerhans cell,TOP 5 (CZI) List,,,,TRUE,"General - Monocytes,Lung - Alveolar cells type 2",TRUE,
LILRA1,ENSG00000104974,"immune, myeloid",non-classical monocyte,TOP 5 (CZI) List,,,,FALSE,NA,FALSE,
LILRA2,ENSG00000239998,"immune, myeloid",non-classical monocyte,TOP 5 (CZI) List,,,,FALSE,NA,FALSE,
LILRA5,ENSG00000187116,"immune, myeloid","classical monocyte,non-classical monocyte",TOP 5 (CZI) List,,,,TRUE,"General - Macrophages,Liver - Kupffer cells",FALSE,
LILRB5,ENSG00000105609,"immune, myeloid",macrophage,Tissue  expert added,Ovary,,,FALSE,NA,FALSE,
MMP9,ENSG00000100985,"immune, myeloid",Langerhans cell,TOP 5 (CZI) List,,,,FALSE,NA,FALSE,
MPO,ENSG00000005381,"immune, myeloid","neutrophils, monocytes, some neurons",MxIF Proteins,,,,FALSE,NA,FALSE,
MRC1,ENSG00000260314,"immune, myeloid","macrophage, immature DC, neural?",MxIF Proteins,,,CD206,TRUE,"Breast - Breast glandular cells,General - Endothelial cells,General - Macrophages,Liver - Hepatic stellate cells,Liver - Kupffer cells",TRUE,
MS4A4A,ENSG00000110079,"immune, myeloid",macrophage,TOP 5 (CZI) List,,,,TRUE,"General - Macrophages,Liver - Kupffer cells,Skin - Langerhans cells",FALSE,
MS4A7,ENSG00000166927,"immune, myeloid",macrophage,TOP 5 (CZI) List,,,,FALSE,NA,FALSE,
OLR1,ENSG00000173391,"immune, myeloid",macrophage,Tissue  expert added,Fallopian Tube,,,FALSE,NA,FALSE,
PADI2,ENSG00000117115,"immune, myeloid",macrophage,Tissue  expert added,Fallopian Tube,,,FALSE,NA,FALSE,
PADI4,ENSG00000159339,"immune, myeloid",neutrophil,TOP 5 (CZI) List,,,,FALSE,NA,FALSE,
PGLYRP1,ENSG00000008438,"immune, myeloid",neutrophil,TOP 5 (CZI) List,,,,FALSE,NA,FALSE,
PLEK,ENSG00000115956,"immune, myeloid",macrophage,Tissue  expert added,Ovary,,,FALSE,NA,FALSE,
PROK2,ENSG00000163421,"immune, myeloid",neutrophil,TOP 5 (CZI) List,,,,FALSE,NA,FALSE,
RNASE2,ENSG00000169385,"immune, myeloid",classical monocyte,TOP 5 (CZI) List,,,,FALSE,NA,FALSE,
S100A12,ENSG00000163221,"immune, myeloid","classical monocyte,neutrophil",TOP 5 (CZI) List,,,,TRUE,"General - Macrophages,Liver - Kupffer cells",FALSE,
S100A8,ENSG00000143546,"immune, myeloid",neutrophil,Tissue  expert added,,,,FALSE,NA,TRUE,Too highly expressed
SIGLEC1,ENSG00000088827,"immune, myeloid","macrophage, some DC",MxIF Proteins,,,CD169,FALSE,NA,FALSE,
SLC6A12,ENSG00000111181,"immune, myeloid",Langerhans cell,TOP 5 (CZI) List,,,,FALSE,NA,FALSE,
SLC9A7,ENSG00000065923,"immune, myeloid",Langerhans cell,TOP 5 (CZI) List,,,,FALSE,NA,FALSE,
SMIM25,ENSG00000224397,"immune, myeloid",non classical monocyte,Tissue  expert added,,PELATON,,FALSE,NA,FALSE,
SNED1,ENSG00000162804,"immune, myeloid",non classical monocyte,Tissue  expert added,,,,FALSE,NA,FALSE,
STARD13,ENSG00000133121,"immune, myeloid",macrophage,Tissue  expert added,,,,FALSE,NA,FALSE,
TVP23A,ENSG00000166676,"immune, myeloid",Langerhans cell,TOP 5 (CZI) List,,,,FALSE,NA,FALSE,
ZNF804A,ENSG00000170396,"immune, myeloid",macrophage,Tissue  expert added,Fallopian Tube,,,FALSE,NA,FALSE,
GNLY,ENSG00000115523,"immune, NK",NK cell,TOP 5 (CZI) List,,,,TRUE,"Breast - Dendritic cells,General - NK cells,General - T cells",TRUE,
GZMB,ENSG00000100453,"immune, NK",NK cell,TOP 5 (CZI) List; MxIF Proteins,,,,TRUE,"Breast - Dendritic cells,General - T cells",FALSE,
KLRD1,ENSG00000134539,"immune, NK","NK cell,gamma-delta T cell",TOP 5 (CZI) List,,,,TRUE,"Breast - Dendritic cells,General - T cells",TRUE,
KLRF1,ENSG00000150045,"immune, NK",NK cell,TOP 5 (CZI) List,,,,FALSE,NA,FALSE,
NCAM1,ENSG00000149294,"immune, NK","NK, some T cells",MxIF Proteins,,,,FALSE,NA,FALSE,
NCR2,ENSG00000096264,"immune, NK",activated NK cells,MxIF Proteins,,,,FALSE,NA,FALSE,
PRF1,ENSG00000180644,"immune, NK","NK cell,gamma-delta T cell",TOP 5 (CZI) List,,,,TRUE,"Breast - Dendritic cells,General - T cells",FALSE,
NFKB1,ENSG00000109320,inflammation,multiple,Tissue  expert added,,,NFKB p50,FALSE,NA,FALSE,
RELA,ENSG00000173039,inflammation,multiple,Tissue  expert added,,,NFKB family member p65,FALSE,NA,FALSE,
SPP1,ENSG00000118785,injury,multiple,Tissue  expert added,,,,FALSE,NA,TRUE,
MFAP4,ENSG00000166482,mesenchymal stem cell,mesenchymal stem cell,TOP 5 (CZI) List,,,,FALSE,NA,FALSE,
OGN,ENSG00000106809,mesenchymal stem cell,mesenchymal stem cell,TOP 5 (CZI) List,,,,TRUE,General - Fibroblasts,FALSE,
MT-ATP8,ENSG00000228253,mitochondrial,mitochondrial,Tissue  expert added,HRT Add-on,,,FALSE,NA,FALSE,
CA12,ENSG00000074410,multiple,epithelial and others,Tissue  expert added,IVD,,,FALSE,NA,FALSE,
CLDN11,ENSG00000013297,multiple,tight junctions,MxIF Proteins,,,,FALSE,NA,FALSE,
CYTL1,ENSG00000170891,multiple,"some CD34+ cells, chondrocytes, endothelial",Tissue  expert added,IVD,,,FALSE,NA,FALSE,
GATA2,ENSG00000179348,multiple,"progenitor, endothelial, other",MxIF Proteins,,,,TRUE,"Breast - Adipocytes,General - Endothelial cells,General - Granulocytes,Kidney - Collecting duct cells",FALSE,
LTF,ENSG00000012223,multiple,"neutrophils, monocytes, B cells, ",MxIF Proteins,,,,FALSE,NA,FALSE,
MMP13,ENSG00000137745,multiple,"chondrocytes, epithelial, neuronal, cancer",Tissue  expert added,IVD,,,FALSE,NA,FALSE,
NT5E,ENSG00000135318,multiple,increase with hypoxia and stress?,MxIF Proteins,,,,FALSE,NA,FALSE,
SOX2,ENSG00000181449,multiple,"hair follicle, airway epitheium, neurons",Potential Rescue,,,,TRUE,Lung - respiratory ciliated cells,TRUE,
TGFB1,ENSG00000105329,multiple,multiple,Tissue  expert added,IVD,,,FALSE,NA,FALSE,
THY1,ENSG00000154096,multiple,"neurons (predominant), thymocytes, keratinocytes, activated endothelial, smooth muscle, fibroblasts, myofibroblasts, stem cells",MxIF Proteins,,,,TRUE,"General - Fibroblasts,General - Smooth muscle cells,Kidney - Proximal tubular cells",FALSE,
VIM,ENSG00000026025,multiple,"endothelial, stroma, monocytes, neurons, ",MxIF Proteins,,,,FALSE,NA,TRUE,
SOX9,ENSG00000125398,"multiple, stromal, epithelial","paneth cells, intestinal progenitor, distal airway, condrocytes, glia, neural crest cells, pancreatic progenitor and ducts, melanocytes, cardia cushion, ",Tissue expert added (x3),"IVD, Lung",,,FALSE,NA,FALSE,
HPGD ,ENSG00000164120,multiple? capillary endothelial,"Treg (esp in fat?), lung capillary, other",MxIF Proteins,,,15-PGDH,FALSE,NA,FALSE,
CADM2,ENSG00000175161,neural,Neuronal,Tissue  expert added,HRT Add-on,,,FALSE,NA,FALSE,
CDH19,ENSG00000071991,neural,schwann cell,TOP 5 (CZI) List,,,,FALSE,NA,TRUE,
CMTM5,ENSG00000166091,neural,schwann cell,TOP 5 (CZI) List,,,,FALSE,NA,FALSE,
INA,ENSG00000148798,neural,ganglion cell,TOP 5 (CZI) List,,,,FALSE,NA,FALSE,
NRSN1,ENSG00000152954,neural,"ganglion cell,motor neuron",TOP 5 (CZI) List,,,,FALSE,NA,FALSE,
NRXN3,ENSG00000021645,neural,Neuronal,Tissue  expert added,HRT Add-on,,,FALSE,NA,FALSE,
PHOX2A,ENSG00000165462,neural,"ganglion cell,motor neuron,sensory neuron",TOP 5 (CZI) List,,,,FALSE,NA,FALSE,
PIEZO2,ENSG00000154864,neural,"sensory neurons, merkel cells, lung and bladder",MxIF Proteins,,,,FALSE,NA,TRUE,
PLP1,ENSG00000123560,neural,schwann cell,TOP 5 (CZI) List,,,,FALSE,NA,FALSE,
PMP2,ENSG00000147588,neural,schwann cell,TOP 5 (CZI) List,,,,FALSE,NA,FALSE,
SCG2,ENSG00000171951,neural,"motor neuron,sensory neuron",TOP 5 (CZI) List,,,,FALSE,NA,FALSE,
SCG3,ENSG00000104112,neural,motor neuron,TOP 5 (CZI) List,,,,FALSE,NA,FALSE,
SOX10,ENSG00000100146,neural,"Schwann cell,myoepithelial cell,serous cell",TOP 5 (CZI) List,,,,FALSE,NA,TRUE,
STMN4,ENSG00000015592,neural,"ganglion cell,motor neuron,sensory neuron",TOP 5 (CZI) List,,,,FALSE,NA,FALSE,
TH,ENSG00000180176,neural,sympathetic \ dopaminergic neurons,Tissue  expert added,,,,FALSE,NA,TRUE,
TLX2,ENSG00000115297,neural,sensory neuron,TOP 5 (CZI) List,,,,FALSE,NA,FALSE,
TRPV1,ENSG00000196689,neural,sensory,Tissue  expert added,,,,FALSE,NA,FALSE,
TTC9B,ENSG00000174521,neural,"ganglion cell,sensory neuron",TOP 5 (CZI) List,,,,FALSE,NA,FALSE,
TUBB3,ENSG00000258947,neural,"neurons, ?endothelium, ?fibroblasts",MxIF Proteins; Tissue expert added,Lung,,,FALSE,NA,FALSE,
GRIA1,ENSG00000155511,"neural CNS, stromal","CNS, fibroblast",MxIF Proteins,,,,FALSE,NA,FALSE,
GRP,ENSG00000134443,neural crest derived,"dorsal horn interneurons, neuroendocrine cells of lung (other organs?)",MxIF Proteins,,,,FALSE,NA,FALSE,
CALCA,ENSG00000110680,"neural, sensory","ganglion cell, senosory neuron",Rescue,,,,FALSE,NA,TRUE,
NRXN1,ENSG00000179915,neuroglial,neuroglial,Tissue  expert added,,,,FALSE,NA,TRUE,Highly expressed
MKI67,ENSG00000148773,proliferation marker,multiple,State Rescue; MxIF Proteins,,,,TRUE,"Colon - Distal enterocytes,Colon - Undifferentiated cells,General - Proliferation,General - T cells",TRUE,
CIT,ENSG00000122966,proliferation markers,multiple,State Rescue,,,,FALSE,NA,FALSE,
TOP2A,ENSG00000131747,proliferation markers,multiple,State Rescue,,,,TRUE,"Colon - Distal enterocytes,Colon - Undifferentiated cells,General - Proliferation,General - T cells",TRUE,
SOX4,ENSG00000124766,"repair inf, regenerating",multiple,Tissue  expert added,,,,FALSE,NA,TRUE,
CDKN1A,ENSG00000124762,senescence markers,multiple,State Rescue,,,p21,FALSE,NA,TRUE,
CDKN1B,ENSG00000111276,senescence markers,multiple,State Rescue,,,,FALSE,NA,TRUE,
CDKN2A,ENSG00000147889,senescence markers,multiple,State Rescue,,,p16,FALSE,NA,TRUE,
FOXO4,ENSG00000184481,senescence markers,with TP53 induces senescence,State Rescue; MxIF Proteins,,,,FALSE,NA,FALSE,
GDF15,ENSG00000130513,senescence markers,multiple,State Rescue; MxIF Proteins,,,,TRUE,"Breast - Breast glandular cells,Colon - Distal enterocytes,Colon - Intestinal goblet cells,Colon - Undifferentiated cells,Kidney - Collecting duct cells,Lung - Alveolar cells type 2,Lung - Respiratory ciliated cells,Pancreas - Ductal cells,Pancreas - Pancreatic endocrine cells",FALSE,
GLB1,ENSG00000170266,senescence markers,multiple,State Rescue; MxIF Proteins,,,,FALSE,NA,FALSE,
TP53,ENSG00000141510,senescence markers,multiple,MxIF Proteins,,,,FALSE,NA,FALSE,
SIRT1,ENSG00000096717,senescence markers,multiple,State Rescue,,,,FALSE,NA,FALSE,
EMILIN1,ENSG00000138080,stromal,"fibroblasts, ECM, endothelial lymphatic?",Rescue; MxIF Proteins,,,,FALSE,NA,FALSE,
ADAMTS4,ENSG00000158859,stromal,"tendon, cartilage, synovium (esp osteoarthritic)",Tissue  expert added,IVD,,,FALSE,NA,FALSE,
ADAMTS5,ENSG00000154736,stromal,"""interstitial inflammatory cells"" multiple tissues, neural plezus of gut",Tissue  expert added,IVD,,,FALSE,NA,FALSE,
APOD,ENSG00000189058,stromal,Pro-inflammatory Fibroblasts,Tissue  expert added,Skin,,,FALSE,NA,FALSE,
COL14A1,ENSG00000187955,stromal,ECM,MxIF Proteins,,,,FALSE,NA,FALSE,
FAP,ENSG00000078098,stromal,myofibroblast; activated fibroblast,Tissue  expert added,,,,FALSE,NA,TRUE,
ITGA8,ENSG00000077943,stromal,"smooth muscle, fibroblasts, intestinal epithelial crypt cells, adipose, vascular smooth muscle (HRT)","MxIF Proteins, tissue expert added",,,,FALSE,NA,FALSE,
MMP2,ENSG00000087245,stromal,Secretory-reticular Fibroblasts,Tissue  expert added,Skin,,,FALSE,NA,FALSE,
PDGFRA,ENSG00000134853,stromal,"mesenchymal, stem cell",TOP 5 (CZI) List,,,,TRUE,General - Fibroblasts,FALSE,
PDGFRB,ENSG00000113721,stromal,"interstitial cells, fibroblasts, vascular smooth muscle, pericyctes",MxIF Proteins,,,,TRUE,"General - Fibroblasts,General - Smooth muscle cells",TRUE,
POSTN,ENSG00000133110,stromal,activated fibroblast; Endocardial Endothelial,Tissue  expert added (x2),HRT,,,FALSE,NA,FALSE,
PRG4,ENSG00000116690,stromal,synovial fluid; epicardium,Tissue  expert added (x2) ,IVD; HRT,,,TRUE,"General - Fibroblasts,Liver - Hepatocytes",FALSE,
WT1,ENSG00000184937,stromal,subpleural fibroblast/renal podocytes (epithelial),MxIF Proteins,,,,FALSE,NA,FALSE,
OSMR,ENSG00000145623,"stromal, activated fibroblasts",OSMRhi fibroblast,Tissue  expert added,,,,FALSE,NA,FALSE,
ABCA9,ENSG00000154258,"stromal, adipocyte",adipocyte,TOP 5 (CZI) List,,,,FALSE,NA,FALSE,
ADIPOQ,ENSG00000181092,"stromal, adipocyte",adipocyte,Tissue  expert added,HRT,,,TRUE,Breast - adipocytes,FALSE,
CILP,ENSG00000138615,"stromal, adipocyte",adipocyte,TOP 5 (CZI) List,,,,FALSE,NA,FALSE,
CYP4B1,ENSG00000142973,"stromal, adipocyte",adipocyte,TOP 5 (CZI) List,,,,TRUE,"Breast - Adipocytes,General - Endothelial cells,General - Fibroblasts,Lung - Alveolar cells type 1,Lung - Respiratory ciliated cells",FALSE,
PI16,ENSG00000164530,"stromal, adipocyte",adipocyte,TOP 5 (CZI) List,,,,FALSE,NA,FALSE,
PLIN1,ENSG00000166819,"stromal, adipocyte",adipocyte,MxIF Proteins,,,,FALSE,NA,TRUE,
SCARA5,ENSG00000168079,"stromal, adipocyte",adipocyte; fibroblast (fallopian tube),TOP 5 (CZI) List; Tissue expert added,Fallopian Tube,,,FALSE,NA,FALSE,
FGF12,ENSG00000114279,"stromal, cardiac muscle",cardiomyocyte,Tissue  expert added,HRT,,,FALSE,NA,FALSE,
FHL2,ENSG00000115641,"stromal, cardiac muscle",ventricular cardiomyocyte,Tissue  expert added,HRT Add-on,,,TRUE,"Breast - Breast glandular cells,Breast - Breast myoepithelial cells,Colon - Distal enterocytes,Colon - Paneth cells,General - Fibroblasts,General - Smooth muscle cells,Heart - Cardiomyocytes,Pancreas - Ductal cells,Pancreas - Pancreatic endocrine cells,Skin - Basal keratinocytes,Skin - Suprabasal keratinocytes",FALSE,
MYH7,ENSG00000092054,"stromal, cardiac muscle",ventricular cardiomyocyte,Tissue  expert added,HRT Add-on,,,FALSE,NA,FALSE,
MYL7,ENSG00000106631,"stromal, cardiac muscle",Atrial Cardiomyocyte,Tissue  expert added,HRT Add-on,,,FALSE,NA,FALSE,
MYLK3,ENSG00000140795,"stromal, cardiac muscle",ventricular cardiomyocyte,Tissue  expert added,HRT,,,FALSE,NA,FALSE,
NLGN1,ENSG00000169760,"stromal, cardiac muscle",ventricular cardiomyocyte,Tissue  expert added,HRT,,,FALSE,NA,FALSE,
NPPA,ENSG00000175206,"stromal, cardiac muscle",Atrial Cardiomyocyte,Tissue  expert added,HRT,,,FALSE,NA,FALSE,
PAM,ENSG00000145730,"stromal, cardiac muscle",Atrial Cardiomyocyte,Tissue  expert added,HRT Add-on,,,FALSE,NA,FALSE,
PKP2,ENSG00000057294,"stromal, cardiac muscle",ventricular cardiac myocyte,TOP 5 (CZI) List,,,,FALSE,NA,FALSE,
PRKAG2,ENSG00000106617,"stromal, cardiac muscle",Atrial Cardiomyocyte,Tissue  expert added,HRT Add-on,,,FALSE,NA,FALSE,
RBM20,ENSG00000203867,"stromal, cardiac muscle",ventricular cardiac myocyte,TOP 5 (CZI) List,,,,FALSE,NA,FALSE,
TECRL,ENSG00000205678,"stromal, cardiac muscle","atrial cardiac myocyte,ventricular cardiac myocyte",TOP 5 (CZI) List,,,,FALSE,NA,FALSE,
TENM2,ENSG00000145934,"stromal, cardiac muscle",ventricular cardiac myocyte,TOP 5 (CZI) List,,,,FALSE,NA,FALSE,
TNNC1,ENSG00000114854,"stromal, cardiac muscle",atrial cardiac myocyte,TOP 5 (CZI) List,,,,FALSE,NA,FALSE,
TNNI1,ENSG00000159173,"stromal, cardiac muscle",atrial cardiac myocyte,TOP 5 (CZI) List,,,,FALSE,NA,FALSE,
TNNT2,ENSG00000118194,"stromal, cardiac muscle",atrial cardiac myocyte,TOP 5 (CZI) List,,,,FALSE,NA,FALSE,
TRDN,ENSG00000186439,"stromal, cardiac muscle",ventricular cardiac myocyte,TOP 5 (CZI) List,,,,FALSE,NA,FALSE,
ACAN,ENSG00000157766,"stromal, chondrocyte","chondrocytes, CNS",Tissue  expert added,IVD,,,FALSE,NA,FALSE,
COL10A1,ENSG00000123500,"stromal, chondrocyte",hypertrophic chondrocytes,Tissue  expert added,IVD,,,FALSE,NA,FALSE,
CLSTN2,ENSG00000158258,"stromal, fibroblasts",fibroblast,Tissue  expert added,Ovary,,,FALSE,NA,FALSE,
COL3A1,ENSG00000168542,"stromal, fibroblasts",fibroblast,TOP 5 (CZI) List,,,,FALSE,NA,FALSE,
COL5A1,ENSG00000130635,"stromal, fibroblasts","fibroblasts, vascular smooth muscle cells",Tissue  expert added,IVD,,,FALSE,NA,FALSE,
COL5A2,ENSG00000204262,"stromal, fibroblasts",mesenchymal fibroblasts,Tissue  expert added,Skin,,,TRUE,"Colon - Enteroendocrine cells,General - Fibroblasts,General - Smooth muscle cells",FALSE,
COL6A3,ENSG00000163359,"stromal, fibroblasts",Fibroblasts; Mesenchymal Fibroblasts,Tissue  expert added,Skin,,,FALSE,NA,FALSE,
DCN,ENSG00000011465,"stromal, fibroblasts",fibroblast,TOP 5 (CZI) List; MxIF Proteins,,,,FALSE,NA,TRUE,
DIO3OS,ENSG00000258498,"stromal, fibroblasts",fibroblast,Tissue  expert added,Uterus,,,FALSE,NA,FALSE,
FOXF1,ENSG00000103241,"stromal, fibroblasts",fibroblasts ,Tissue  expert added,IVD,,,FALSE,NA,FALSE,
GALNT15,ENSG00000131386,"stromal, fibroblasts",fibroblast,Tissue  expert added,Fallopian Tube,,,FALSE,NA,FALSE,
GFPT2,ENSG00000131459,"stromal, fibroblasts",fibroblast,Tissue  expert added,Fallopian Tube,,,FALSE,NA,FALSE,
IGFBP6,ENSG00000167779,"stromal, fibroblasts",fibroblast,Tissue  expert added,Uterus,,,FALSE,NA,FALSE,
IGSF10,ENSG00000152580,"stromal, fibroblasts",fibroblast,Tissue  expert added,Ovary,,,FALSE,NA,FALSE,
LUM,ENSG00000139329,"stromal, fibroblasts","fibroblast,mesenchymal stem cell",TOP 5 (CZI) List,,,,FALSE,NA,FALSE,
MFAP5,ENSG00000197614,"stromal, fibroblasts","fibroblasts, myofibroblasts",MxIF Proteins,,,,TRUE,"General - Endothelial cells,General - Fibroblasts",FALSE,
OLFML3,ENSG00000116774,"stromal, fibroblasts","fibroblast,mesenchymal stem cell",TOP 5 (CZI) List,,,,FALSE,NA,FALSE,
PWWP3B,ENSG00000157502,"stromal, fibroblasts",fibroblast,Tissue  expert added,Ovary,,,FALSE,NA,FALSE,
RORB,ENSG00000198963,"stromal, fibroblasts",fibroblast,Tissue  expert added,Uterus,,,FALSE,NA,FALSE,
SHC3,ENSG00000148082,"stromal, fibroblasts",fibroblast,Tissue  expert added,Uterus,,,FALSE,NA,FALSE,
STXBP5L,ENSG00000145087,"stromal, fibroblasts",fibroblast,Tissue  expert added,Ovary,,,FALSE,NA,FALSE,
COL1A1,ENSG00000108821,"stromal, other",ECM (IVD),MxIF Proteins; Tissue Expert Added,,,,FALSE,NA,TRUE,
ABCC9,ENSG00000069431,"stromal, pericyte",pericyte,Tissue  expert added,HRT,,,FALSE,NA,FALSE,
COX4I2,ENSG00000131055,"stromal, pericyte",pericyte,TOP 5 (CZI) List,,,,FALSE,NA,FALSE,
EGFLAM,ENSG00000164318,"stromal, pericyte",pericyte,Tissue  expert added,HRT,,,FALSE,NA,FALSE,
HIGD1B,ENSG00000131097,"stromal, pericyte",pericyte,TOP 5 (CZI) List,,,,TRUE,"Breast - Adipocytes,General - Endothelial cells,General - Smooth muscle cells",FALSE,
MCAM,ENSG00000076706,"stromal, pericyte",pericytes,Tissue  expert added,,,,FALSE,NA,TRUE,
MYH11,ENSG00000133392,"stromal, pericyte","pericyte,smooth muscle cell",TOP 5 (CZI) List,,,,TRUE,General - Smooth muscle cells,TRUE,
NDUFA4L2,ENSG00000185633,"stromal, pericyte",pericyte,TOP 5 (CZI) List,,,,FALSE,NA,FALSE,
NOTCH3,ENSG00000074181,"stromal, pericyte",pericyte,TOP 5 (CZI) List,,,,FALSE,NA,FALSE,
NTRK3,ENSG00000140538,"stromal, pericyte",pericytes; Smooth Muscle,Tissue  expert added (x2),Ovary,,,FALSE,NA,FALSE,
RGS5,ENSG00000143248,"stromal, pericyte",pericyte,Tissue  expert added,HRT Add-on,,,FALSE,NA,FALSE,
COL2A1,ENSG00000139219,"stromal, skeletal muscle","skeletal muscle cell, chondrocytes (IVD)",TOP 5 (CZI) List; Tissue expert added,,,,FALSE,NA,FALSE,
JSRP1,ENSG00000167476,"stromal, skeletal muscle",skeletal muscle cell,TOP 5 (CZI) List,,,,FALSE,NA,FALSE,
TRABD2B,ENSG00000269113,"stromal, skeletal muscle",skeletal muscle cell,TOP 5 (CZI) List,,,,FALSE,NA,FALSE,
WSCD2,ENSG00000075035,"stromal, skeletal muscle",skeletal muscle cell,TOP 5 (CZI) List,,,,FALSE,NA,FALSE,
ZNF385C,ENSG00000187595,"stromal, skeletal muscle",skeletal muscle cell,TOP 5 (CZI) List,,,,FALSE,NA,FALSE,
DES,ENSG00000175084,"stromal, skeletal, cardiac, smooth","skeletal, cardiac and smooth muscle",MxIF Proteins,,,,TRUE,"General - Smooth muscle cells,Heart - Cardiomyocytes",FALSE,
ACTA2,ENSG00000107796,"stromal, smooth muscle",smooth muscle cell,MxIF Proteins,,,,TRUE,"General - Fibroblasts,General - Smooth muscle cells,Liver - Hepatic stellate cells",TRUE,
ACTG2,ENSG00000163017,"stromal, smooth muscle",smooth muscle cell,TOP 5 (CZI) List,,,,TRUE,"Breast - Breast myoepithelial cells,General - Smooth muscle cells",FALSE,
CNN1,ENSG00000130176,"stromal, smooth muscle",smooth muscle cell,TOP 5 (CZI) List,,,,TRUE,"Breast - Breast myoepithelial cells,General - Smooth muscle cells,Pancreas - Ductal cells",FALSE,
CNR1,ENSG00000118432,"stromal, smooth muscle",smooth muscle,Tissue  expert added,Ovary,,,FALSE,NA,FALSE,
DGKG,ENSG00000058866,"stromal, smooth muscle",smooth muscle,Tissue  expert added,Ovary,,,FALSE,NA,FALSE,
EPHA3,ENSG00000044524,"stromal, smooth muscle",smooth muscle,Tissue  expert added,Ovary,,,FALSE,NA,FALSE,
FBXL22,ENSG00000197361,"stromal, smooth muscle",smooth muscle,Tissue  expert added,Uterus,,,FALSE,NA,FALSE,
GRIA2,ENSG00000120251,"stromal, smooth muscle",smooth muscle,Tissue  expert added,Fallopian Tube,,,FALSE,NA,FALSE,
HSD17B6,ENSG00000025423,"stromal, smooth muscle",smooth muscle,Tissue  expert added,Uterus,,,FALSE,NA,FALSE,
JPH2,ENSG00000149596,"stromal, smooth muscle",smooth muscle,Tissue  expert added,Fallopian Tube,,,FALSE,NA,FALSE,
LMOD1,ENSG00000163431,"stromal, smooth muscle",smooth muscle cell,TOP 5 (CZI) List,,,,FALSE,NA,FALSE,
PCP4,ENSG00000183036,"stromal, smooth muscle",smooth muscle,Tissue  expert added,Uterus,,,TRUE,"General - Smooth muscle cells,Kidney - Proximal tubular cells",FALSE,
PDE1C,ENSG00000154678,"stromal, smooth muscle",smooth muscle,Tissue  expert added,Fallopian Tube,,,FALSE,NA,FALSE,
PLN,ENSG00000198523,"stromal, smooth muscle",smooth muscle cell,TOP 5 (CZI) List,,,,FALSE,NA,FALSE,
RBFOX3,ENSG00000167281,"stromal, smooth muscle",smooth muscle,Tissue  expert added,Uterus,,,FALSE,NA,FALSE,
SLC24A2,ENSG00000155886,"stromal, smooth muscle",smooth muscle,Tissue  expert added,Fallopian Tube,,,FALSE,NA,FALSE,
FOXC2,ENSG00000176692,"stromal, transition","epithelial-mesenchymal transition, embryonic mesenchymal cells",State Rescue; MxIF Proteins,,,,FALSE,NA,FALSE,
MYH10,ENSG00000133026,"stromal, vascular smooth muscle",vascular smooth muscle,Tissue  expert added,HRT,,,FALSE,NA,FALSE,