gene_label,gene
ABCC9,http://identifiers.org/hgnc/60
ACAN,http://identifiers.org/hgnc/319
ACKR1,http://identifiers.org/hgnc/4035
ACKR1,https://purl.org/ccf/ASCTB-TEMP_ackr1
ACTA2,http://identifiers.org/hgnc/130
ACTA2,https://purl.org/ccf/ASCTB-TEMP_acta2
ACTG2,http://identifiers.org/hgnc/145
ACTG2,https://purl.org/ccf/ASCTB-TEMP_actg2
ADAMTS5,http://identifiers.org/hgnc/221
ADGRL4,http://identifiers.org/hgnc/20822
AGER,http://identifiers.org/hgnc/320
AHSP,http://identifiers.org/hgnc/18075
ALAS2,http://identifiers.org/hgnc/397
AMY2A,http://identifiers.org/hgnc/477
APOD,http://identifiers.org/hgnc/612
AR,http://identifiers.org/hgnc/644
ARX,http://identifiers.org/hgnc/18060
BANK1,http://identifiers.org/hgnc/18233
BID,http://identifiers.org/hgnc/1050
C1QB,http://identifiers.org/hgnc/1242
C1QC,http://identifiers.org/hgnc/1245
CALCA,http://identifiers.org/hgnc/1437
CALML3,http://identifiers.org/hgnc/1452
CCL19,http://identifiers.org/hgnc/10617
CCL2,http://identifiers.org/hgnc/10618
CCL21,http://identifiers.org/hgnc/10620
CCL5,http://identifiers.org/hgnc/10632
CCL5,https://purl.org/ccf/ASCTB-TEMP_ccl5
CCR7,http://identifiers.org/hgnc/1608
CD14,http://identifiers.org/hgnc/1628
CD14,https://purl.org/ccf/ASCTB-TEMP_cd14
CD163,http://identifiers.org/hgnc/1631
CD163,https://purl.org/ccf/ASCTB-TEMP_cd163
CD19,http://identifiers.org/hgnc/1633
CD19,https://purl.org/ccf/ASCTB-TEMP_cd19
CD1A,http://identifiers.org/hgnc/1634
CD1B,http://identifiers.org/hgnc/1635
CD1C,http://identifiers.org/hgnc/1636
CD2,http://identifiers.org/hgnc/1639
CD2,https://purl.org/ccf/ASCTB-TEMP_cd2
CD28,http://identifiers.org/hgnc/1653
CD300E,http://identifiers.org/hgnc/28874
CD34,http://identifiers.org/hgnc/1662
CD34,https://purl.org/ccf/ASCTB-TEMP_cd34
CD38,http://identifiers.org/hgnc/1667
CD3D,http://identifiers.org/hgnc/1673
CD3D,https://purl.org/ccf/ASCTB-TEMP_cd3d
CD3E,http://identifiers.org/hgnc/1674
CD3G,http://identifiers.org/hgnc/1675
CD3G,https://purl.org/ccf/ASCTB-TEMP_cd3g
CD4,http://identifiers.org/hgnc/1678
CD4,https://purl.org/ccf/ASCTB-TEMP_cd4
CD40LG,http://identifiers.org/hgnc/11935
CD5,http://identifiers.org/hgnc/1685
CD5,https://purl.org/ccf/ASCTB-TEMP_cd5
CD68,http://identifiers.org/hgnc/1693
CD68,https://purl.org/ccf/ASCTB-TEMP_cd68
CD79B,http://identifiers.org/hgnc/1699
CD8A,http://identifiers.org/hgnc/1706
CD8A,https://purl.org/ccf/ASCTB-TEMP_cd8a
CD8B,http://identifiers.org/hgnc/1707
CD96,http://identifiers.org/hgnc/16892
CDH5,http://identifiers.org/hgnc/1764
CEACAM8,http://identifiers.org/hgnc/1820
CILP,http://identifiers.org/hgnc/1980
CLDN11,http://identifiers.org/hgnc/8514
CLDN3,http://identifiers.org/hgnc/2045
CLDN5,http://identifiers.org/hgnc/2047
CLEC10A,http://identifiers.org/hgnc/16916
CLEC1B,http://identifiers.org/hgnc/24356
CLEC4C,http://identifiers.org/hgnc/13258
CLEC9A,http://identifiers.org/hgnc/26705
CNN1,http://identifiers.org/hgnc/2155
CNN1,https://purl.org/ccf/ASCTB-TEMP_cnn1
CNR1,http://identifiers.org/hgnc/2159
COL10A1,http://identifiers.org/hgnc/2185
COL14A1,http://identifiers.org/hgnc/2191
COL17A1,http://identifiers.org/hgnc/2194
COL1A1,http://identifiers.org/hgnc/2197
COL2A1,http://identifiers.org/hgnc/2200
COL3A1,http://identifiers.org/hgnc/2201
COL5A1,http://identifiers.org/hgnc/2209
COL5A2,http://identifiers.org/hgnc/2210
COL6A3,http://identifiers.org/hgnc/2213
COX4I2,http://identifiers.org/hgnc/16232
CPA3,http://identifiers.org/hgnc/2298
CSF2RA,http://identifiers.org/hgnc/2435
CST7,http://identifiers.org/hgnc/2479
CTLA4,http://identifiers.org/hgnc/2505
CXCR6,http://identifiers.org/hgnc/16647
CYP2F1,http://identifiers.org/hgnc/2632
CYTL1,http://identifiers.org/hgnc/24435
DCN,http://identifiers.org/hgnc/2705
DERL3,http://identifiers.org/hgnc/14236
DES,http://identifiers.org/hgnc/2770
DES,https://purl.org/ccf/ASCTB-TEMP_des
DNAH12,http://identifiers.org/hgnc/2943
ECSCR,http://identifiers.org/hgnc/35454
EPCAM,http://identifiers.org/hgnc/11529
EPCAM,https://purl.org/ccf/ASCTB-TEMP_epcam
EPHA3,http://identifiers.org/hgnc/3387
FABP4,http://identifiers.org/hgnc/3559
FAP,http://identifiers.org/hgnc/3590
FCER1A,http://identifiers.org/hgnc/3609
FCGR3A,http://identifiers.org/hgnc/3619
FCGR3B,http://identifiers.org/hgnc/3620
FCN1,http://identifiers.org/hgnc/3623
FCRL5,http://identifiers.org/hgnc/18508
FCRLA,http://identifiers.org/hgnc/18504
FHL2,http://identifiers.org/hgnc/3703
FLG,http://identifiers.org/hgnc/3748
FLT1,http://identifiers.org/hgnc/3763
FLT4,http://identifiers.org/hgnc/3767
FMO2,http://identifiers.org/hgnc/3770
FOXI1,http://identifiers.org/hgnc/3815
FOXJ1,http://identifiers.org/hgnc/3816
FOXJ1,https://purl.org/ccf/ASCTB-TEMP_foxj1
FOXP3,http://identifiers.org/hgnc/6106
FOXP3,https://purl.org/ccf/ASCTB-TEMP_foxp3
FUT4,http://identifiers.org/hgnc/4015
GATA1,http://identifiers.org/hgnc/4170
GATA2,http://identifiers.org/hgnc/4171
GHRL,http://identifiers.org/hgnc/18129
GJA4,http://identifiers.org/hgnc/4278
GNLY,http://identifiers.org/hgnc/4414
GP9,http://identifiers.org/hgnc/4444
GRP,http://identifiers.org/hgnc/4605
GZMA,http://identifiers.org/hgnc/4708
GZMB,http://identifiers.org/hgnc/4709
GZMH,http://identifiers.org/hgnc/4710
GZMK,http://identifiers.org/hgnc/4711
GZMM,http://identifiers.org/hgnc/4712
HBM,http://identifiers.org/hgnc/4826
HDC,http://identifiers.org/hgnc/4855
HDC,https://purl.org/ccf/ASCTB-TEMP_hdc
HIGD1B,http://identifiers.org/hgnc/24318
ICAM1,http://identifiers.org/hgnc/5344
ICOS,http://identifiers.org/hgnc/5351
IFNG,http://identifiers.org/hgnc/5438
IFNG-AS1,http://identifiers.org/hgnc/43910
IGFBP6,http://identifiers.org/hgnc/5475
IGLL1,http://identifiers.org/hgnc/5870
IGSF21,http://identifiers.org/hgnc/28246
IL18R1,http://identifiers.org/hgnc/5988
ITGA2B,http://identifiers.org/hgnc/6138
ITGA8,http://identifiers.org/hgnc/6144
ITPRID1,http://identifiers.org/hgnc/27363
JAML,http://identifiers.org/hgnc/19084
KLK11,http://identifiers.org/hgnc/6359
KLRD1,http://identifiers.org/hgnc/6378
KLRF1,http://identifiers.org/hgnc/13342
KLRK1,http://identifiers.org/hgnc/18788
KRT14,http://identifiers.org/hgnc/6416
KRT15,http://identifiers.org/hgnc/6421
KRT17,http://identifiers.org/hgnc/6427
KRT18,http://identifiers.org/hgnc/6430
KRT19,http://identifiers.org/hgnc/6436
KRT5,http://identifiers.org/hgnc/6442
KRT8,http://identifiers.org/hgnc/6446
LAMP3,http://identifiers.org/hgnc/14582
LCK,http://identifiers.org/hgnc/6524
LEF1,http://identifiers.org/hgnc/6551
LILRA4,http://identifiers.org/hgnc/15503
LTF,http://identifiers.org/hgnc/6720
LUM,http://identifiers.org/hgnc/6724
LY6D,http://identifiers.org/hgnc/13348
LYPD3,http://identifiers.org/hgnc/24880
LYVE1,http://identifiers.org/hgnc/14687
MAL,http://identifiers.org/hgnc/6817
MCAM,http://identifiers.org/hgnc/6934
MFAP4,http://identifiers.org/hgnc/7035
MFAP5,http://identifiers.org/hgnc/29673
MKI67,http://identifiers.org/hgnc/7107
MKI67,https://purl.org/ccf/ASCTB-TEMP_mki67
MLANA,http://identifiers.org/hgnc/7124
MMP2,http://identifiers.org/hgnc/7166
MMP3,http://identifiers.org/hgnc/7173
MMP9,http://identifiers.org/hgnc/7176
MMRN1,http://identifiers.org/hgnc/7178
MPO,http://identifiers.org/hgnc/7218
MRC1,http://identifiers.org/hgnc/7228
MS4A1,http://identifiers.org/hgnc/7315
MS4A1,https://purl.org/ccf/ASCTB-TEMP_ms4a1
MS4A2,http://identifiers.org/hgnc/7316
MS4A2,https://purl.org/ccf/ASCTB-TEMP_ms4a2
MS4A7,http://identifiers.org/hgnc/13378
MUC5AC,http://identifiers.org/hgnc/7515
MUC5B,http://identifiers.org/hgnc/7516
MYH11,http://identifiers.org/hgnc/7569
MYH11,https://purl.org/ccf/ASCTB-TEMP_myh11
MYH7,http://identifiers.org/hgnc/7577
MYL7,http://identifiers.org/hgnc/21719
MZB1,http://identifiers.org/hgnc/30125
NCAM1,http://identifiers.org/hgnc/7656
NCAM1,https://purl.org/ccf/ASCTB-TEMP_ncam1
NCR2,http://identifiers.org/hgnc/6732
NDUFA4L2,http://identifiers.org/hgnc/29836
NFATC1,http://identifiers.org/hgnc/7775
NOTCH3,http://identifiers.org/hgnc/7883
NPPA,http://identifiers.org/hgnc/7939
NRXN1,http://identifiers.org/hgnc/8008
NRXN3,http://identifiers.org/hgnc/8010
NT5E,http://identifiers.org/hgnc/8021
NTRK3,http://identifiers.org/hgnc/8033
NUGGC,http://identifiers.org/hgnc/33550
OGN,http://identifiers.org/hgnc/8126
OGN,https://purl.org/ccf/ASCTB-TEMP_ogn
OLR1,http://identifiers.org/hgnc/8133
PAX5,http://identifiers.org/hgnc/8619
PAX5,https://purl.org/ccf/ASCTB-TEMP_pax5
PCDH15,http://identifiers.org/hgnc/14674
PDGFRA,http://identifiers.org/hgnc/8803
PDGFRB,http://identifiers.org/hgnc/8804
PDPN,http://identifiers.org/hgnc/29602
PECAM1,http://identifiers.org/hgnc/8823
PF4,http://identifiers.org/hgnc/8861
PGLYRP1,http://identifiers.org/hgnc/8904
PI16,http://identifiers.org/hgnc/21245
PIEZO2,http://identifiers.org/hgnc/26270
PLD4,http://identifiers.org/hgnc/23792
PLEK,http://identifiers.org/hgnc/9070
PLN,http://identifiers.org/hgnc/9080
PLP1,http://identifiers.org/hgnc/9086
PLVAP,http://identifiers.org/hgnc/13635
POSTN,http://identifiers.org/hgnc/16953
PRF1,http://identifiers.org/hgnc/9360
PRG4,http://identifiers.org/hgnc/9364
PROX1,http://identifiers.org/hgnc/9459
PRSS57,http://identifiers.org/hgnc/31397
PTCRA,http://identifiers.org/hgnc/21290
PTGDR,http://identifiers.org/hgnc/9591
PTGDR2,http://identifiers.org/hgnc/4502
PTPRC,http://identifiers.org/hgnc/9666
PTPRC,https://purl.org/ccf/ASCTB-TEMP_ptprc
RGS5,http://identifiers.org/hgnc/10001
RORB,http://identifiers.org/hgnc/10259
RTKN2,http://identifiers.org/hgnc/19364
RXFP1,http://identifiers.org/hgnc/19718
S100A12,http://identifiers.org/hgnc/10489
S100A14,http://identifiers.org/hgnc/18901
S100A8,http://identifiers.org/hgnc/10498
SCARA5,http://identifiers.org/hgnc/28701
SCEL,http://identifiers.org/hgnc/10573
SCG2,http://identifiers.org/hgnc/10575
SCGB3A2,http://identifiers.org/hgnc/18391
SDC1,http://identifiers.org/hgnc/10658
SELL,http://identifiers.org/hgnc/10720
SFN,http://identifiers.org/hgnc/10773
SFRP1,http://identifiers.org/hgnc/10776
SH3TC1,http://identifiers.org/hgnc/26009
SIGLEC1,http://identifiers.org/hgnc/11127
SLC30A8,http://identifiers.org/hgnc/20303
SLC39A8,http://identifiers.org/hgnc/20862
SLC4A1,http://identifiers.org/hgnc/11027
SLC5A12,http://identifiers.org/hgnc/28750
SLC6A12,http://identifiers.org/hgnc/11045
SMIM24,http://identifiers.org/hgnc/37244
SMPD3,http://identifiers.org/hgnc/14240
SOX10,http://identifiers.org/hgnc/11190
SOX10,https://purl.org/ccf/ASCTB-TEMP_sox10
SOX17,http://identifiers.org/hgnc/18122
SOX17,https://purl.org/ccf/ASCTB-TEMP_sox17
SOX2,http://identifiers.org/hgnc/11195
SOX4,http://identifiers.org/hgnc/11200
SOX9,http://identifiers.org/hgnc/11204
SOX9,https://purl.org/ccf/ASCTB-TEMP_sox9
SPDEF,http://identifiers.org/hgnc/17257
SPINK2,http://identifiers.org/hgnc/11245
SPINK2,https://purl.org/ccf/ASCTB-TEMP_spink2
SPP1,http://identifiers.org/hgnc/11255
SRPX,http://identifiers.org/hgnc/11309
TCF7,http://identifiers.org/hgnc/11639
TCL1A,http://identifiers.org/hgnc/11648
TFRC,http://identifiers.org/hgnc/11763
TH,http://identifiers.org/hgnc/11782
THBD,http://identifiers.org/hgnc/11784
THEMIS,http://identifiers.org/hgnc/21569
THY1,http://identifiers.org/hgnc/11801
TMIGD2,http://identifiers.org/hgnc/28324
TNFRSF13B,http://identifiers.org/hgnc/18153
TNFRSF17,http://identifiers.org/hgnc/11913
TNFSF11,http://identifiers.org/hgnc/11926
TP53,http://identifiers.org/hgnc/11998
TP63,http://identifiers.org/hgnc/15979
TPSAB1,http://identifiers.org/hgnc/12019
TPSB2,http://identifiers.org/hgnc/14120
TRAT1,http://identifiers.org/hgnc/30698
TRDN,http://identifiers.org/hgnc/12261
TRPM5,http://identifiers.org/hgnc/14323
TRPV1,http://identifiers.org/hgnc/12716
TUBB3,http://identifiers.org/hgnc/20772
UPK1B,http://identifiers.org/hgnc/12578
UPK3A,http://identifiers.org/hgnc/12580
VCAN,http://identifiers.org/hgnc/2464
VEGFA,http://identifiers.org/hgnc/12680
VIM,http://identifiers.org/hgnc/12692
WIF1,http://identifiers.org/hgnc/18081
WT1,http://identifiers.org/hgnc/12796
XCL1,http://identifiers.org/hgnc/10645
XCL2,http://identifiers.org/hgnc/10646
ZNF683,http://identifiers.org/hgnc/28495
